well_name, x_coord [m], x_coord [m], z_coord [m], time [years], concentration [ppb]
w1a, 823, 1499, 3, 1, 0
w1a, 823, 1499, 3, 2, 0
w1a, 823, 1499, 3, 3, 0
w1a, 823, 1499, 3, 4, 0
w1a, 823, 1499, 3, 5, 0
w1a, 823, 1499, 3, 6, 1.69798
w1a, 823, 1499, 3, 7, 29.9077
w1a, 823, 1499, 3, 8, 79.257
w1a, 823, 1499, 3, 9, 129.014
w1a, 823, 1499, 3, 10, 172.17
w1a, 823, 1499, 3, 11, 207.793
w1a, 823, 1499, 3, 12, 236.712
w1a, 823, 1499, 3, 13, 260.093
w1a, 823, 1499, 3, 14, 279.016
w1a, 823, 1499, 3, 15, 294.383
w1a, 823, 1499, 3, 16, 305.215
w1a, 823, 1499, 3, 17, 287.267
w1a, 823, 1499, 3, 18, 246.359
w1a, 823, 1499, 3, 19, 203.574
w1a, 823, 1499, 3, 20, 166.2
w1a, 823, 1499, 3, 21, 135.389
w1a, 823, 1499, 3, 22, 110.489
w1a, 823, 1499, 3, 23, 90.4743
w1a, 823, 1499, 3, 24, 74.3791
w1a, 823, 1499, 3, 25, 61.3953
w1a, 823, 1499, 3, 26, 50.8778
w1a, 823, 1499, 3, 27, 42.3194
w1a, 823, 1499, 3, 28, 35.3236
w1a, 823, 1499, 3, 29, 29.58
w1a, 823, 1499, 3, 30, 24.845
w1a, 823, 1499, 3, 31, 20.9262
w1a, 823, 1499, 3, 32, 17.6711
w1a, 823, 1499, 3, 33, 14.9581
w1a, 823, 1499, 3, 34, 12.69
w1a, 823, 1499, 3, 35, 10.7881
w1a, 823, 1499, 3, 36, 9.18902
w1a, 823, 1499, 3, 37, 7.84114
w1a, 823, 1499, 3, 38, 6.70231
w1a, 823, 1499, 3, 39, 5.73799
w1a, 823, 1499, 3, 40, 4.91974
w1a, 823, 1499, 3, 41, 4.2241
w1a, 823, 1499, 3, 42, 3.63162
w1a, 823, 1499, 3, 43, 3.12614
w1a, 823, 1499, 3, 44, 2.6942
w1a, 823, 1499, 3, 45, 2.32453
w1a, 823, 1499, 3, 46, 2.00772
w1a, 823, 1499, 3, 47, 1.73582
w1a, 823, 1499, 3, 48, 1.50218
w1a, 823, 1499, 3, 49, 1.30118
w1a, 823, 1499, 3, 50, 1.12804
w1b, 823, 1499, 33, 1, 0
w1b, 823, 1499, 33, 2, 0
w1b, 823, 1499, 33, 3, 0
w1b, 823, 1499, 33, 4, 0
w1b, 823, 1499, 33, 5, 0
w1b, 823, 1499, 33, 6, 2.52128e-14
w1b, 823, 1499, 33, 7, 1.48488e-6
w1b, 823, 1499, 33, 8, 0.000587946
w1b, 823, 1499, 33, 9, 0.0116229
w1b, 823, 1499, 33, 10, 0.0688368
w1b, 823, 1499, 33, 11, 0.222566
w1b, 823, 1499, 33, 12, 0.508637
w1b, 823, 1499, 33, 13, 0.935368
w1b, 823, 1499, 33, 14, 1.48795
w1b, 823, 1499, 33, 15, 2.13864
w1b, 823, 1499, 33, 16, 2.85565
w1b, 823, 1499, 33, 17, 3.60882
w1b, 823, 1499, 33, 18, 4.37183
w1b, 823, 1499, 33, 19, 5.11451
w1b, 823, 1499, 33, 20, 5.78603
w1b, 823, 1499, 33, 21, 6.3256
w1b, 823, 1499, 33, 22, 6.6907
w1b, 823, 1499, 33, 23, 6.86931
w1b, 823, 1499, 33, 24, 6.87481
w1b, 823, 1499, 33, 25, 6.73512
w1b, 823, 1499, 33, 26, 6.48338
w1b, 823, 1499, 33, 27, 6.15189
w1b, 823, 1499, 33, 28, 5.76897
w1b, 823, 1499, 33, 29, 5.35781
w1b, 823, 1499, 33, 30, 4.93647
w1b, 823, 1499, 33, 31, 4.51839
w1b, 823, 1499, 33, 32, 4.11314
w1b, 823, 1499, 33, 33, 3.72716
w1b, 823, 1499, 33, 34, 3.3645
w1b, 823, 1499, 33, 35, 3.02736
w1b, 823, 1499, 33, 36, 2.71662
w1b, 823, 1499, 33, 37, 2.43217
w1b, 823, 1499, 33, 38, 2.17326
w1b, 823, 1499, 33, 39, 1.93869
w1b, 823, 1499, 33, 40, 1.727
w1b, 823, 1499, 33, 41, 1.53656
w1b, 823, 1499, 33, 42, 1.36573
w1b, 823, 1499, 33, 43, 1.21282
w1b, 823, 1499, 33, 44, 1.07622
w1b, 823, 1499, 33, 45, 0.954404
w1b, 823, 1499, 33, 46, 0.845916
w1b, 823, 1499, 33, 47, 0.749414
w1b, 823, 1499, 33, 48, 0.663664
w1b, 823, 1499, 33, 49, 0.587534
w1b, 823, 1499, 33, 50, 0.519996
w2a, 880, 1360, 3, 1, 0
w2a, 880, 1360, 3, 2, 0
w2a, 880, 1360, 3, 3, 0
w2a, 880, 1360, 3, 4, 0
w2a, 880, 1360, 3, 5, 0
w2a, 880, 1360, 3, 6, 0.670317
w2a, 880, 1360, 3, 7, 21.0752
w2a, 880, 1360, 3, 8, 67.763
w2a, 880, 1360, 3, 9, 121.433
w2a, 880, 1360, 3, 10, 171.556
w2a, 880, 1360, 3, 11, 214.925
w2a, 880, 1360, 3, 12, 251.297
w2a, 880, 1360, 3, 13, 281.412
w2a, 880, 1360, 3, 14, 306.234
w2a, 880, 1360, 3, 15, 326.682
w2a, 880, 1360, 3, 16, 342.88
w2a, 880, 1360, 3, 17, 336.423
w2a, 880, 1360, 3, 18, 301.301
w2a, 880, 1360, 3, 19, 257.25
w2a, 880, 1360, 3, 20, 215.15
w2a, 880, 1360, 3, 21, 178.494
w2a, 880, 1360, 3, 22, 147.752
w2a, 880, 1360, 3, 23, 122.372
w2a, 880, 1360, 3, 24, 101.543
w2a, 880, 1360, 3, 25, 84.4703
w2a, 880, 1360, 3, 26, 70.4608
w2a, 880, 1360, 3, 27, 58.9392
w2a, 880, 1360, 3, 28, 49.4369
w2a, 880, 1360, 3, 29, 41.5761
w2a, 880, 1360, 3, 30, 35.0531
w2a, 880, 1360, 3, 31, 29.6238
w2a, 880, 1360, 3, 32, 25.0914
w2a, 880, 1360, 3, 33, 21.2971
w2a, 880, 1360, 3, 34, 18.1124
w2a, 880, 1360, 3, 35, 15.4324
w2a, 880, 1360, 3, 36, 13.172
w2a, 880, 1360, 3, 37, 11.2611
w2a, 880, 1360, 3, 38, 9.64236
w2a, 880, 1360, 3, 39, 8.26831
w2a, 880, 1360, 3, 40, 7.09982
w2a, 880, 1360, 3, 41, 6.10439
w2a, 880, 1360, 3, 42, 5.25498
w2a, 880, 1360, 3, 43, 4.52902
w2a, 880, 1360, 3, 44, 3.90767
w2a, 880, 1360, 3, 45, 3.3751
w2a, 880, 1360, 3, 46, 2.91802
w2a, 880, 1360, 3, 47, 2.52523
w2a, 880, 1360, 3, 48, 2.18729
w2a, 880, 1360, 3, 49, 1.8962
w2a, 880, 1360, 3, 50, 1.64521
w2b, 880, 1360, 33, 1, 0
w2b, 880, 1360, 33, 2, 0
w2b, 880, 1360, 33, 3, 0
w2b, 880, 1360, 33, 4, 0
w2b, 880, 1360, 33, 5, 0
w2b, 880, 1360, 33, 6, 1.16116e-14
w2b, 880, 1360, 33, 7, 1.21594e-6
w2b, 880, 1360, 33, 8, 0.000583257
w2b, 880, 1360, 33, 9, 0.0126895
w2b, 880, 1360, 33, 10, 0.0795901
w2b, 880, 1360, 33, 11, 0.267329
w2b, 880, 1360, 33, 12, 0.627706
w2b, 880, 1360, 33, 13, 1.17786
w2b, 880, 1360, 33, 14, 1.90309
w2b, 880, 1360, 33, 15, 2.76926
w2b, 880, 1360, 33, 16, 3.73473
w2b, 880, 1360, 33, 17, 4.75858
w2b, 880, 1360, 33, 18, 5.80437
w2b, 880, 1360, 33, 19, 6.83214
w2b, 880, 1360, 33, 20, 7.77659
w2b, 880, 1360, 33, 21, 8.55596
w2b, 880, 1360, 33, 22, 9.10803
w2b, 880, 1360, 33, 23, 9.4095
w2b, 880, 1360, 33, 24, 9.47219
w2b, 880, 1360, 33, 25, 9.32979
w2b, 880, 1360, 33, 26, 9.02522
w2b, 880, 1360, 33, 27, 8.60191
w2b, 880, 1360, 33, 28, 8.09898
w2b, 880, 1360, 33, 29, 7.54918
w2b, 880, 1360, 33, 30, 6.9785
w2b, 880, 1360, 33, 31, 6.40665
w2b, 880, 1360, 33, 32, 5.84799
w2b, 880, 1360, 33, 33, 5.31246
w2b, 880, 1360, 33, 34, 4.80653
w2b, 880, 1360, 33, 35, 4.334
w2b, 880, 1360, 33, 36, 3.89669
w2b, 880, 1360, 33, 37, 3.49493
w2b, 880, 1360, 33, 38, 3.12808
w2b, 880, 1360, 33, 39, 2.79477
w2b, 880, 1360, 33, 40, 2.49318
w2b, 880, 1360, 33, 41, 2.22124
w2b, 880, 1360, 33, 42, 1.97676
w2b, 880, 1360, 33, 43, 1.75751
w2b, 880, 1360, 33, 44, 1.56129
w2b, 880, 1360, 33, 45, 1.38601
w2b, 880, 1360, 33, 46, 1.22966
w2b, 880, 1360, 33, 47, 1.09039
w2b, 880, 1360, 33, 48, 0.966475
w2b, 880, 1360, 33, 49, 0.856319
w2b, 880, 1360, 33, 50, 0.758479
w3a, 975, 1450, 3, 1, 0
w3a, 975, 1450, 3, 2, 0
w3a, 975, 1450, 3, 3, 0
w3a, 975, 1450, 3, 4, 0
w3a, 975, 1450, 3, 5, 0
w3a, 975, 1450, 3, 6, 8027.22
w3a, 975, 1450, 3, 7, 10580.8
w3a, 975, 1450, 3, 8, 11704.7
w3a, 975, 1450, 3, 9, 12330.2
w3a, 975, 1450, 3, 10, 12721.7
w3a, 975, 1450, 3, 11, 12984.8
w3a, 975, 1450, 3, 12, 13170.1
w3a, 975, 1450, 3, 13, 13305.1
w3a, 975, 1450, 3, 14, 13406.1
w3a, 975, 1450, 3, 15, 13483.2
w3a, 975, 1450, 3, 16, 5515.74
w3a, 975, 1450, 3, 17, 3009.12
w3a, 975, 1450, 3, 18, 1922.53
w3a, 975, 1450, 3, 19, 1326.88
w3a, 975, 1450, 3, 20, 959.52
w3a, 975, 1450, 3, 21, 716.156
w3a, 975, 1450, 3, 22, 546.966
w3a, 975, 1450, 3, 23, 425.167
w3a, 975, 1450, 3, 24, 335.134
w3a, 975, 1450, 3, 25, 267.186
w3a, 975, 1450, 3, 26, 215.038
w3a, 975, 1450, 3, 27, 174.459
w3a, 975, 1450, 3, 28, 142.512
w3a, 975, 1450, 3, 29, 117.113
w3a, 975, 1450, 3, 30, 96.7453
w3a, 975, 1450, 3, 31, 80.2915
w3a, 975, 1450, 3, 32, 66.9121
w3a, 975, 1450, 3, 33, 55.9696
w3a, 975, 1450, 3, 34, 46.9739
w3a, 975, 1450, 3, 35, 39.5442
w3a, 975, 1450, 3, 36, 33.3823
w3a, 975, 1450, 3, 37, 28.2523
w3a, 975, 1450, 3, 38, 23.9668
w3a, 975, 1450, 3, 39, 20.3753
w3a, 975, 1450, 3, 40, 17.3566
w3a, 975, 1450, 3, 41, 14.8127
w3a, 975, 1450, 3, 42, 12.6636
w3a, 975, 1450, 3, 43, 10.8438
w3a, 975, 1450, 3, 44, 9.29954
w3a, 975, 1450, 3, 45, 7.98653
w3a, 975, 1450, 3, 46, 6.86806
w3a, 975, 1450, 3, 47, 5.91366
w3a, 975, 1450, 3, 48, 5.09791
w3a, 975, 1450, 3, 49, 4.39962
w3a, 975, 1450, 3, 50, 3.80101
w3b, 975, 1450, 33, 1, 0
w3b, 975, 1450, 33, 2, 0
w3b, 975, 1450, 33, 3, 0
w3b, 975, 1450, 33, 4, 0
w3b, 975, 1450, 33, 5, 0
w3b, 975, 1450, 33, 6, 1.27434e-11
w3b, 975, 1450, 33, 7, 6.18926e-5
w3b, 975, 1450, 33, 8, 0.0106689
w3b, 975, 1450, 33, 9, 0.13923
w3b, 975, 1450, 33, 10, 0.643108
w3b, 975, 1450, 33, 11, 1.76294
w3b, 975, 1450, 33, 12, 3.58317
w3b, 975, 1450, 33, 13, 6.03851
w3b, 975, 1450, 33, 14, 8.98087
w3b, 975, 1450, 33, 15, 12.2391
w3b, 975, 1450, 33, 16, 15.6548
w3b, 975, 1450, 33, 17, 19.0977
w3b, 975, 1450, 33, 18, 22.4587
w3b, 975, 1450, 33, 19, 25.5611
w3b, 975, 1450, 33, 20, 28.1025
w3b, 975, 1450, 33, 21, 29.8162
w3b, 975, 1450, 33, 22, 30.6059
w3b, 975, 1450, 33, 23, 30.5352
w3b, 975, 1450, 33, 24, 29.7576
w3b, 975, 1450, 33, 25, 28.4543
w3b, 975, 1450, 33, 26, 26.7965
w3b, 975, 1450, 33, 27, 24.9287
w3b, 975, 1450, 33, 28, 22.9646
w3b, 975, 1450, 33, 29, 20.9882
w3b, 975, 1450, 33, 30, 19.059
w3b, 975, 1450, 33, 31, 17.2168
w3b, 975, 1450, 33, 32, 15.4861
w3b, 975, 1450, 33, 33, 13.8804
w3b, 975, 1450, 33, 34, 12.4052
w3b, 975, 1450, 33, 35, 11.0601
w3b, 975, 1450, 33, 36, 9.84124
w3b, 975, 1450, 33, 37, 8.74221
w3b, 975, 1450, 33, 38, 7.75525
w3b, 975, 1450, 33, 39, 6.87184
w3b, 975, 1450, 33, 40, 6.08328
w3b, 975, 1450, 33, 41, 5.38098
w3b, 975, 1450, 33, 42, 4.75666
w3b, 975, 1450, 33, 43, 4.20253
w3b, 975, 1450, 33, 44, 3.71133
w3b, 975, 1450, 33, 45, 3.27639
w3b, 975, 1450, 33, 46, 2.89161
w3b, 975, 1450, 33, 47, 2.55145
w3b, 975, 1450, 33, 48, 2.25093
w3b, 975, 1450, 33, 49, 1.98555
w3b, 975, 1450, 33, 50, 1.75132
w4a, 1004, 1601, 3, 1, 0
w4a, 1004, 1601, 3, 2, 0
w4a, 1004, 1601, 3, 3, 0
w4a, 1004, 1601, 3, 4, 0
w4a, 1004, 1601, 3, 5, 0
w4a, 1004, 1601, 3, 6, 0.00131196
w4a, 1004, 1601, 3, 7, 1.0512
w4a, 1004, 1601, 3, 8, 9.94634
w4a, 1004, 1601, 3, 9, 30.5047
w4a, 1004, 1601, 3, 10, 59.3212
w4a, 1004, 1601, 3, 11, 91.7016
w4a, 1004, 1601, 3, 12, 124.263
w4a, 1004, 1601, 3, 13, 155.064
w4a, 1004, 1601, 3, 14, 183.172
w4a, 1004, 1601, 3, 15, 208.265
w4a, 1004, 1601, 3, 16, 230.353
w4a, 1004, 1601, 3, 17, 248.577
w4a, 1004, 1601, 3, 18, 256.401
w4a, 1004, 1601, 3, 19, 250.291
w4a, 1004, 1601, 3, 20, 233.932
w4a, 1004, 1601, 3, 21, 212.277
w4a, 1004, 1601, 3, 22, 188.944
w4a, 1004, 1601, 3, 23, 166.081
w4a, 1004, 1601, 3, 24, 144.801
w4a, 1004, 1601, 3, 25, 125.584
w4a, 1004, 1601, 3, 26, 108.551
w4a, 1004, 1601, 3, 27, 93.634
w4a, 1004, 1601, 3, 28, 80.67
w4a, 1004, 1601, 3, 29, 69.4597
w4a, 1004, 1601, 3, 30, 59.7973
w4a, 1004, 1601, 3, 31, 51.4855
w4a, 1004, 1601, 3, 32, 44.3439
w4a, 1004, 1601, 3, 33, 38.2113
w4a, 1004, 1601, 3, 34, 32.9459
w4a, 1004, 1601, 3, 35, 28.4243
w4a, 1004, 1601, 3, 36, 24.5402
w4a, 1004, 1601, 3, 37, 21.2021
w4a, 1004, 1601, 3, 38, 18.3313
w4a, 1004, 1601, 3, 39, 15.8608
w4a, 1004, 1601, 3, 40, 13.7333
w4a, 1004, 1601, 3, 41, 11.8997
w4a, 1004, 1601, 3, 42, 10.3183
w4a, 1004, 1601, 3, 43, 8.95321
w4a, 1004, 1601, 3, 44, 7.77403
w4a, 1004, 1601, 3, 45, 6.75462
w4a, 1004, 1601, 3, 46, 5.87268
w4a, 1004, 1601, 3, 47, 5.10909
w4a, 1004, 1601, 3, 48, 4.4475
w4a, 1004, 1601, 3, 49, 3.87387
w4a, 1004, 1601, 3, 50, 3.37616
w4b, 1004, 1601, 33, 1, 0
w4b, 1004, 1601, 33, 2, 0
w4b, 1004, 1601, 33, 3, 0
w4b, 1004, 1601, 33, 4, 0
w4b, 1004, 1601, 33, 5, 0
w4b, 1004, 1601, 33, 6, 3.76826e-17
w4b, 1004, 1601, 33, 7, 9.95676e-8
w4b, 1004, 1601, 33, 8, 0.000140058
w4b, 1004, 1601, 33, 9, 0.00521556
w4b, 1004, 1601, 33, 10, 0.0451328
w4b, 1004, 1601, 33, 11, 0.187749
w4b, 1004, 1601, 33, 12, 0.513278
w4b, 1004, 1601, 33, 13, 1.07883
w4b, 1004, 1601, 33, 14, 1.90262
w4b, 1004, 1601, 33, 15, 2.96764
w4b, 1004, 1601, 33, 16, 4.23369
w4b, 1004, 1601, 33, 17, 5.64978
w4b, 1004, 1601, 33, 18, 7.16321
w4b, 1004, 1601, 33, 19, 8.72091
w4b, 1004, 1601, 33, 20, 10.2518
w4b, 1004, 1601, 33, 21, 11.6551
w4b, 1004, 1601, 33, 22, 12.8254
w4b, 1004, 1601, 33, 23, 13.6875
w4b, 1004, 1601, 33, 24, 14.2112
w4b, 1004, 1601, 33, 25, 14.4063
w4b, 1004, 1601, 33, 26, 14.3097
w4b, 1004, 1601, 33, 27, 13.9719
w4b, 1004, 1601, 33, 28, 13.4473
w4b, 1004, 1601, 33, 29, 12.7873
w4b, 1004, 1601, 33, 30, 12.0373
w4b, 1004, 1601, 33, 31, 11.2354
w4b, 1004, 1601, 33, 32, 10.4119
w4b, 1004, 1601, 33, 33, 9.59031
w4b, 1004, 1601, 33, 34, 8.78793
w4b, 1004, 1601, 33, 35, 8.01721
w4b, 1004, 1601, 33, 36, 7.28646
w4b, 1004, 1601, 33, 37, 6.60081
w4b, 1004, 1601, 33, 38, 5.96292
w4b, 1004, 1601, 33, 39, 5.37362
w4b, 1004, 1601, 33, 40, 4.83237
w4b, 1004, 1601, 33, 41, 4.33769
w4b, 1004, 1601, 33, 42, 3.88744
w4b, 1004, 1601, 33, 43, 3.47908
w4b, 1004, 1601, 33, 44, 3.10983
w4b, 1004, 1601, 33, 45, 2.77681
w4b, 1004, 1601, 33, 46, 2.47714
w4b, 1004, 1601, 33, 47, 2.20799
w4b, 1004, 1601, 33, 48, 1.96668
w4b, 1004, 1601, 33, 49, 1.75063
w4b, 1004, 1601, 33, 50, 1.55745
w5a, 1106, 1401, 3, 1, 0
w5a, 1106, 1401, 3, 2, 0
w5a, 1106, 1401, 3, 3, 0
w5a, 1106, 1401, 3, 4, 0
w5a, 1106, 1401, 3, 5, 0
w5a, 1106, 1401, 3, 6, 244.376
w5a, 1106, 1401, 3, 7, 1281.67
w5a, 1106, 1401, 3, 8, 2265.36
w5a, 1106, 1401, 3, 9, 3015.28
w5a, 1106, 1401, 3, 10, 3572.17
w5a, 1106, 1401, 3, 11, 3988.77
w5a, 1106, 1401, 3, 12, 4304.79
w5a, 1106, 1401, 3, 13, 4547.92
w5a, 1106, 1401, 3, 14, 4737.38
w5a, 1106, 1401, 3, 15, 4886.71
w5a, 1106, 1401, 3, 16, 4761.19
w5a, 1106, 1401, 3, 17, 3819.32
w5a, 1106, 1401, 3, 18, 2912.81
w5a, 1106, 1401, 3, 19, 2225.76
w5a, 1106, 1401, 3, 20, 1720.36
w5a, 1106, 1401, 3, 21, 1346.15
w5a, 1106, 1401, 3, 22, 1065.2
w5a, 1106, 1401, 3, 23, 851.218
w5a, 1106, 1401, 3, 24, 686.055
w5a, 1106, 1401, 3, 25, 557.067
w5a, 1106, 1401, 3, 26, 455.284
w5a, 1106, 1401, 3, 27, 374.236
w5a, 1106, 1401, 3, 28, 309.183
w5a, 1106, 1401, 3, 29, 256.597
w5a, 1106, 1401, 3, 30, 213.821
w5a, 1106, 1401, 3, 31, 178.831
w5a, 1106, 1401, 3, 32, 150.063
w5a, 1106, 1401, 3, 33, 126.305
w5a, 1106, 1401, 3, 34, 106.603
w5a, 1106, 1401, 3, 35, 90.2019
w5a, 1106, 1401, 3, 36, 76.5031
w5a, 1106, 1401, 3, 37, 65.025
w5a, 1106, 1401, 3, 38, 55.3798
w5a, 1106, 1401, 3, 39, 47.2532
w5a, 1106, 1401, 3, 40, 40.389
w5a, 1106, 1401, 3, 41, 34.578
w5a, 1106, 1401, 3, 42, 29.648
w5a, 1106, 1401, 3, 43, 25.4572
w5a, 1106, 1401, 3, 44, 21.888
w5a, 1106, 1401, 3, 45, 18.843
w5a, 1106, 1401, 3, 46, 16.2409
w5a, 1106, 1401, 3, 47, 14.0139
w5a, 1106, 1401, 3, 48, 12.1052
w5a, 1106, 1401, 3, 49, 10.467
w5a, 1106, 1401, 3, 50, 9.05923
w5b, 1106, 1401, 33, 1, 0
w5b, 1106, 1401, 33, 2, 0
w5b, 1106, 1401, 33, 3, 0
w5b, 1106, 1401, 33, 4, 0
w5b, 1106, 1401, 33, 5, 0
w5b, 1106, 1401, 33, 6, 2.23093e-12
w5b, 1106, 1401, 33, 7, 3.97177e-5
w5b, 1106, 1401, 33, 8, 0.0105554
w5b, 1106, 1401, 33, 9, 0.17099
w5b, 1106, 1401, 33, 10, 0.898895
w5b, 1106, 1401, 33, 11, 2.68513
w5b, 1106, 1401, 33, 12, 5.80077
w5b, 1106, 1401, 33, 13, 10.2298
w5b, 1106, 1401, 33, 14, 15.7559
w5b, 1106, 1401, 33, 15, 22.0744
w5b, 1106, 1401, 33, 16, 28.8725
w5b, 1106, 1401, 33, 17, 35.8735
w5b, 1106, 1401, 33, 18, 42.844
w5b, 1106, 1401, 33, 19, 49.4772
w5b, 1106, 1401, 33, 20, 55.238
w5b, 1106, 1401, 33, 21, 59.5595
w5b, 1106, 1401, 33, 22, 62.1271
w5b, 1106, 1401, 33, 23, 62.9377
w5b, 1106, 1401, 33, 24, 62.2065
w5b, 1106, 1401, 33, 25, 60.2494
w5b, 1106, 1401, 33, 26, 57.3987
w5b, 1106, 1401, 33, 27, 53.9558
w5b, 1106, 1401, 33, 28, 50.171
w5b, 1106, 1401, 33, 29, 46.2406
w5b, 1106, 1401, 33, 30, 42.3106
w5b, 1106, 1401, 33, 31, 38.4849
w5b, 1106, 1401, 33, 32, 34.8336
w5b, 1106, 1401, 33, 33, 31.4006
w5b, 1106, 1401, 33, 34, 28.2102
w5b, 1106, 1401, 33, 35, 25.2722
w5b, 1106, 1401, 33, 36, 22.5866
w5b, 1106, 1401, 33, 37, 20.1462
w5b, 1106, 1401, 33, 38, 17.9393
w5b, 1106, 1401, 33, 39, 15.9517
w5b, 1106, 1401, 33, 40, 14.1673
w5b, 1106, 1401, 33, 41, 12.5699
w5b, 1106, 1401, 33, 42, 11.1432
w5b, 1106, 1401, 33, 43, 9.87137
w5b, 1106, 1401, 33, 44, 8.73946
w5b, 1106, 1401, 33, 45, 7.73346
w5b, 1106, 1401, 33, 46, 6.8404
w5b, 1106, 1401, 33, 47, 6.04839
w5b, 1106, 1401, 33, 48, 5.34656
w5b, 1106, 1401, 33, 49, 4.72509
w5b, 1106, 1401, 33, 50, 4.17509
w6a, 1190, 1260, 3, 1, 0
w6a, 1190, 1260, 3, 2, 0
w6a, 1190, 1260, 3, 3, 0
w6a, 1190, 1260, 3, 4, 0
w6a, 1190, 1260, 3, 5, 0
w6a, 1190, 1260, 3, 6, 2.22081e-8
w6a, 1190, 1260, 3, 7, 0.00616537
w6a, 1190, 1260, 3, 8, 0.409489
w6a, 1190, 1260, 3, 9, 3.31946
w6a, 1190, 1260, 3, 10, 11.5327
w6a, 1190, 1260, 3, 11, 26.1717
w6a, 1190, 1260, 3, 12, 46.5215
w6a, 1190, 1260, 3, 13, 70.9659
w6a, 1190, 1260, 3, 14, 97.759
w6a, 1190, 1260, 3, 15, 125.405
w6a, 1190, 1260, 3, 16, 152.774
w6a, 1190, 1260, 3, 17, 179.078
w6a, 1190, 1260, 3, 18, 203.434
w6a, 1190, 1260, 3, 19, 223.459
w6a, 1190, 1260, 3, 20, 236.239
w6a, 1190, 1260, 3, 21, 240.642
w6a, 1190, 1260, 3, 22, 237.443
w6a, 1190, 1260, 3, 23, 228.362
w6a, 1190, 1260, 3, 24, 215.27
w6a, 1190, 1260, 3, 25, 199.802
w6a, 1190, 1260, 3, 26, 183.229
w6a, 1190, 1260, 3, 27, 166.467
w6a, 1190, 1260, 3, 28, 150.139
w6a, 1190, 1260, 3, 29, 134.638
w6a, 1190, 1260, 3, 30, 120.193
w6a, 1190, 1260, 3, 31, 106.914
w6a, 1190, 1260, 3, 32, 94.8314
w6a, 1190, 1260, 3, 33, 83.924
w6a, 1190, 1260, 3, 34, 74.1373
w6a, 1190, 1260, 3, 35, 65.3979
w6a, 1190, 1260, 3, 36, 57.6231
w6a, 1190, 1260, 3, 37, 50.7271
w6a, 1190, 1260, 3, 38, 44.6251
w6a, 1190, 1260, 3, 39, 39.2359
w6a, 1190, 1260, 3, 40, 34.4834
w6a, 1190, 1260, 3, 41, 30.2975
w6a, 1190, 1260, 3, 42, 26.6142
w6a, 1190, 1260, 3, 43, 23.3754
w6a, 1190, 1260, 3, 44, 20.5293
w6a, 1190, 1260, 3, 45, 18.0293
w6a, 1190, 1260, 3, 46, 15.834
w6a, 1190, 1260, 3, 47, 13.9068
w6a, 1190, 1260, 3, 48, 12.2152
w6a, 1190, 1260, 3, 49, 10.7306
w6a, 1190, 1260, 3, 50, 9.42758
w6b, 1190, 1260, 33, 1, 0
w6b, 1190, 1260, 33, 2, 0
w6b, 1190, 1260, 33, 3, 0
w6b, 1190, 1260, 33, 4, 0
w6b, 1190, 1260, 33, 5, 0
w6b, 1190, 1260, 33, 6, 9.44208e-22
w6b, 1190, 1260, 33, 7, 8.60156e-10
w6b, 1190, 1260, 33, 8, 8.48211e-6
w6b, 1190, 1260, 33, 9, 0.000835757
w6b, 1190, 1260, 33, 10, 0.0129557
w6b, 1190, 1260, 33, 11, 0.0794229
w6b, 1190, 1260, 33, 12, 0.286157
w6b, 1190, 1260, 33, 13, 0.739117
w6b, 1190, 1260, 33, 14, 1.52875
w6b, 1190, 1260, 33, 15, 2.70637
w6b, 1190, 1260, 33, 16, 4.27872
w6b, 1190, 1260, 33, 17, 6.21504
w6b, 1190, 1260, 33, 18, 8.45924
w6b, 1190, 1260, 33, 19, 10.9413
w6b, 1190, 1260, 33, 20, 13.5781
w6b, 1190, 1260, 33, 21, 16.2575
w6b, 1190, 1260, 33, 22, 18.8318
w6b, 1190, 1260, 33, 23, 21.1428
w6b, 1190, 1260, 33, 24, 23.0578
w6b, 1190, 1260, 33, 25, 24.4928
w6b, 1190, 1260, 33, 26, 25.4169
w6b, 1190, 1260, 33, 27, 25.8444
w6b, 1190, 1260, 33, 28, 25.8211
w6b, 1190, 1260, 33, 29, 25.4109
w6b, 1190, 1260, 33, 30, 24.6854
w6b, 1190, 1260, 33, 31, 23.7157
w6b, 1190, 1260, 33, 32, 22.5677
w6b, 1190, 1260, 33, 33, 21.2996
w6b, 1190, 1260, 33, 34, 19.9607
w6b, 1190, 1260, 33, 35, 18.5915
w6b, 1190, 1260, 33, 36, 17.2241
w6b, 1190, 1260, 33, 37, 15.8832
w6b, 1190, 1260, 33, 38, 14.5873
w6b, 1190, 1260, 33, 39, 13.3496
w6b, 1190, 1260, 33, 40, 12.1786
w6b, 1190, 1260, 33, 41, 11.0797
w6b, 1190, 1260, 33, 42, 10.0553
w6b, 1190, 1260, 33, 43, 9.10595
w6b, 1190, 1260, 33, 44, 8.23038
w6b, 1190, 1260, 33, 45, 7.42628
w6b, 1190, 1260, 33, 46, 6.69052
w6b, 1190, 1260, 33, 47, 6.01945
w6b, 1190, 1260, 33, 48, 5.40909
w6b, 1190, 1260, 33, 49, 4.8553
w6b, 1190, 1260, 33, 50, 4.35394
w7a, 1208, 1651, 3, 1, 0
w7a, 1208, 1651, 3, 2, 0
w7a, 1208, 1651, 3, 3, 0
w7a, 1208, 1651, 3, 4, 0
w7a, 1208, 1651, 3, 5, 0
w7a, 1208, 1651, 3, 6, 8.73429e-10
w7a, 1208, 1651, 3, 7, 0.00122765
w7a, 1208, 1651, 3, 8, 0.13999
w7a, 1208, 1651, 3, 9, 1.48629
w7a, 1208, 1651, 3, 10, 6.068
w7a, 1208, 1651, 3, 11, 15.3258
w7a, 1208, 1651, 3, 12, 29.3904
w7a, 1208, 1651, 3, 13, 47.434
w7a, 1208, 1651, 3, 14, 68.2377
w7a, 1208, 1651, 3, 15, 90.581
w7a, 1208, 1651, 3, 16, 113.43
w7a, 1208, 1651, 3, 17, 135.992
w7a, 1208, 1651, 3, 18, 157.572
w7a, 1208, 1651, 3, 19, 176.734
w7a, 1208, 1651, 3, 20, 191.239
w7a, 1208, 1651, 3, 21, 199.545
w7a, 1208, 1651, 3, 22, 201.503
w7a, 1208, 1651, 3, 23, 197.973
w7a, 1208, 1651, 3, 24, 190.244
w7a, 1208, 1651, 3, 25, 179.627
w7a, 1208, 1651, 3, 26, 167.257
w7a, 1208, 1651, 3, 27, 154.031
w7a, 1208, 1651, 3, 28, 140.613
w7a, 1208, 1651, 3, 29, 127.469
w7a, 1208, 1651, 3, 30, 114.906
w7a, 1208, 1651, 3, 31, 103.112
w7a, 1208, 1651, 3, 32, 92.1902
w7a, 1208, 1651, 3, 33, 82.1793
w7a, 1208, 1651, 3, 34, 73.0775
w7a, 1208, 1651, 3, 35, 64.8547
w7a, 1208, 1651, 3, 36, 57.4636
w7a, 1208, 1651, 3, 37, 50.8472
w7a, 1208, 1651, 3, 38, 44.9439
w7a, 1208, 1651, 3, 39, 39.6908
w7a, 1208, 1651, 3, 40, 35.0266
w7a, 1208, 1651, 3, 41, 30.8927
w7a, 1208, 1651, 3, 42, 27.2341
w7a, 1208, 1651, 3, 43, 24.0001
w7a, 1208, 1651, 3, 44, 21.1442
w7a, 1208, 1651, 3, 45, 18.6243
w7a, 1208, 1651, 3, 46, 16.4021
w7a, 1208, 1651, 3, 47, 14.4437
w7a, 1208, 1651, 3, 48, 12.7183
w7a, 1208, 1651, 3, 49, 11.1988
w7a, 1208, 1651, 3, 50, 9.86088
w7b, 1208, 1651, 33, 1, 0
w7b, 1208, 1651, 33, 2, 0
w7b, 1208, 1651, 33, 3, 0
w7b, 1208, 1651, 33, 4, 0
w7b, 1208, 1651, 33, 5, 0
w7b, 1208, 1651, 33, 6, 3.96196e-23
w7b, 1208, 1651, 33, 7, 1.82622e-10
w7b, 1208, 1651, 33, 8, 3.09149e-6
w7b, 1208, 1651, 33, 9, 0.000399047
w7b, 1208, 1651, 33, 10, 0.00727265
w7b, 1208, 1651, 33, 11, 0.0496534
w7b, 1208, 1651, 33, 12, 0.193163
w7b, 1208, 1651, 33, 13, 0.528359
w7b, 1208, 1651, 33, 14, 1.14242
w7b, 1208, 1651, 33, 15, 2.0951
w7b, 1208, 1651, 33, 16, 3.40868
w7b, 1208, 1651, 33, 17, 5.07002
w7b, 1208, 1651, 33, 18, 7.03923
w7b, 1208, 1651, 33, 19, 9.25958
w7b, 1208, 1651, 33, 20, 11.6615
w7b, 1208, 1651, 33, 21, 14.1522
w7b, 1208, 1651, 33, 22, 16.6069
w7b, 1208, 1651, 33, 23, 18.8832
w7b, 1208, 1651, 33, 24, 20.8502
w7b, 1208, 1651, 33, 25, 22.4133
w7b, 1208, 1651, 33, 26, 23.5233
w7b, 1208, 1651, 33, 27, 24.1736
w7b, 1208, 1651, 33, 28, 24.391
w7b, 1208, 1651, 33, 29, 24.2235
w7b, 1208, 1651, 33, 30, 23.7308
w7b, 1208, 1651, 33, 31, 22.9763
w7b, 1208, 1651, 33, 32, 22.0212
w7b, 1208, 1651, 33, 33, 20.9216
w7b, 1208, 1651, 33, 34, 19.7265
w7b, 1208, 1651, 33, 35, 18.4775
w7b, 1208, 1651, 33, 36, 17.2084
w7b, 1208, 1651, 33, 37, 15.9462
w7b, 1208, 1651, 33, 38, 14.7116
w7b, 1208, 1651, 33, 39, 13.5203
w7b, 1208, 1651, 33, 40, 12.3831
w7b, 1208, 1651, 33, 41, 11.3074
w7b, 1208, 1651, 33, 42, 10.2976
w7b, 1208, 1651, 33, 43, 9.35578
w7b, 1208, 1651, 33, 44, 8.48211
w7b, 1208, 1651, 33, 45, 7.67553
w7b, 1208, 1651, 33, 46, 6.93394
w7b, 1208, 1651, 33, 47, 6.25453
w7b, 1208, 1651, 33, 48, 5.63404
w7b, 1208, 1651, 33, 49, 5.06892
w7b, 1208, 1651, 33, 50, 4.55548
w8a, 1225, 1511, 3, 1, 0
w8a, 1225, 1511, 3, 2, 0
w8a, 1225, 1511, 3, 3, 0
w8a, 1225, 1511, 3, 4, 0
w8a, 1225, 1511, 3, 5, 0
w8a, 1225, 1511, 3, 6, 0.942133
w8a, 1225, 1511, 3, 7, 76.1656
w8a, 1225, 1511, 3, 8, 335.542
w8a, 1225, 1511, 3, 9, 703.278
w8a, 1225, 1511, 3, 10, 1090.41
w8a, 1225, 1511, 3, 11, 1452.03
w8a, 1225, 1511, 3, 12, 1771.84
w8a, 1225, 1511, 3, 13, 2047.13
w8a, 1225, 1511, 3, 14, 2280.88
w8a, 1225, 1511, 3, 15, 2477.99
w8a, 1225, 1511, 3, 16, 2642.77
w8a, 1225, 1511, 3, 17, 2706.74
w8a, 1225, 1511, 3, 18, 2564.3
w8a, 1225, 1511, 3, 19, 2294.92
w8a, 1225, 1511, 3, 20, 1990.63
w8a, 1225, 1511, 3, 21, 1698.88
w8a, 1225, 1511, 3, 22, 1438.13
w8a, 1225, 1511, 3, 23, 1212.83
w8a, 1225, 1511, 3, 24, 1021.48
w8a, 1225, 1511, 3, 25, 860.387
w8a, 1225, 1511, 3, 26, 725.325
w8a, 1225, 1511, 3, 27, 612.266
w8a, 1225, 1511, 3, 28, 517.633
w8a, 1225, 1511, 3, 29, 438.357
w8a, 1225, 1511, 3, 30, 371.858
w8a, 1225, 1511, 3, 31, 315.985
w8a, 1225, 1511, 3, 32, 268.956
w8a, 1225, 1511, 3, 33, 229.298
w8a, 1225, 1511, 3, 34, 195.794
w8a, 1225, 1511, 3, 35, 167.435
w8a, 1225, 1511, 3, 36, 143.39
w8a, 1225, 1511, 3, 37, 122.966
w8a, 1225, 1511, 3, 38, 105.588
w8a, 1225, 1511, 3, 39, 90.7798
w8a, 1225, 1511, 3, 40, 78.1405
w8a, 1225, 1511, 3, 41, 67.3371
w8a, 1225, 1511, 3, 42, 58.0897
w8a, 1225, 1511, 3, 43, 50.1638
w8a, 1225, 1511, 3, 44, 43.3618
w8a, 1225, 1511, 3, 45, 37.5172
w8a, 1225, 1511, 3, 46, 32.4894
w8a, 1225, 1511, 3, 47, 28.1594
w8a, 1225, 1511, 3, 48, 24.4265
w8a, 1225, 1511, 3, 49, 21.205
w8a, 1225, 1511, 3, 50, 18.4221
w8b, 1225, 1511, 33, 1, 0
w8b, 1225, 1511, 33, 2, 0
w8b, 1225, 1511, 33, 3, 0
w8b, 1225, 1511, 33, 4, 0
w8b, 1225, 1511, 33, 5, 0
w8b, 1225, 1511, 33, 6, 1.98223e-14
w8b, 1225, 1511, 33, 7, 5.31434e-6
w8b, 1225, 1511, 33, 8, 0.00348711
w8b, 1225, 1511, 33, 9, 0.0887191
w8b, 1225, 1511, 33, 10, 0.611121
w8b, 1225, 1511, 33, 11, 2.18451
w8b, 1225, 1511, 33, 12, 5.36152
w8b, 1225, 1511, 33, 13, 10.3981
w8b, 1225, 1511, 33, 14, 17.2336
w8b, 1225, 1511, 33, 15, 25.5882
w8b, 1225, 1511, 33, 16, 35.0771
w8b, 1225, 1511, 33, 17, 45.2972
w8b, 1225, 1511, 33, 18, 55.8758
w8b, 1225, 1511, 33, 19, 66.4248
w8b, 1225, 1511, 33, 20, 76.3447
w8b, 1225, 1511, 33, 21, 84.8406
w8b, 1225, 1511, 33, 22, 91.2339
w8b, 1225, 1511, 33, 23, 95.1881
w8b, 1225, 1511, 33, 24, 96.7194
w8b, 1225, 1511, 33, 25, 96.0904
w8b, 1225, 1511, 33, 26, 93.6894
w8b, 1225, 1511, 33, 27, 89.9374
w8b, 1225, 1511, 33, 28, 85.2312
w8b, 1225, 1511, 33, 29, 79.9148
w8b, 1225, 1511, 33, 30, 74.2699
w8b, 1225, 1511, 33, 31, 68.5166
w8b, 1225, 1511, 33, 32, 62.8201
w8b, 1225, 1511, 33, 33, 57.2995
w8b, 1225, 1511, 33, 34, 52.0359
w8b, 1225, 1511, 33, 35, 47.0812
w8b, 1225, 1511, 33, 36, 42.4644
w8b, 1225, 1511, 33, 37, 38.1977
w8b, 1225, 1511, 33, 38, 34.2809
w8b, 1225, 1511, 33, 39, 30.7052
w8b, 1225, 1511, 33, 40, 27.456
w8b, 1225, 1511, 33, 41, 24.5149
w8b, 1225, 1511, 33, 42, 21.8614
w8b, 1225, 1511, 33, 43, 19.474
w8b, 1225, 1511, 33, 44, 17.3311
w8b, 1225, 1511, 33, 45, 15.4115
w8b, 1225, 1511, 33, 46, 13.695
w8b, 1225, 1511, 33, 47, 12.1623
w8b, 1225, 1511, 33, 48, 10.7955
w8b, 1225, 1511, 33, 49, 9.578
w8b, 1225, 1511, 33, 50, 8.49456
w9a, 1272, 1369, 3, 1, 0
w9a, 1272, 1369, 3, 2, 0
w9a, 1272, 1369, 3, 3, 0
w9a, 1272, 1369, 3, 4, 0
w9a, 1272, 1369, 3, 5, 0
w9a, 1272, 1369, 3, 6, 0.0112319
w9a, 1272, 1369, 3, 7, 8.07452
w9a, 1272, 1369, 3, 8, 73.6887
w9a, 1272, 1369, 3, 9, 221.965
w9a, 1272, 1369, 3, 10, 427.039
w9a, 1272, 1369, 3, 11, 655.481
w9a, 1272, 1369, 3, 12, 883.812
w9a, 1272, 1369, 3, 13, 1098.84
w9a, 1272, 1369, 3, 14, 1294.4
w9a, 1272, 1369, 3, 15, 1468.51
w9a, 1272, 1369, 3, 16, 1621.45
w9a, 1272, 1369, 3, 17, 1746.59
w9a, 1272, 1369, 3, 18, 1796.34
w9a, 1272, 1369, 3, 19, 1747.65
w9a, 1272, 1369, 3, 20, 1628.33
w9a, 1272, 1369, 3, 21, 1473.66
w9a, 1272, 1369, 3, 22, 1308.74
w9a, 1272, 1369, 3, 23, 1148.22
w9a, 1272, 1369, 3, 24, 999.511
w9a, 1272, 1369, 3, 25, 865.692
w9a, 1272, 1369, 3, 26, 747.414
w9a, 1272, 1369, 3, 27, 644.055
w9a, 1272, 1369, 3, 28, 554.394
w9a, 1272, 1369, 3, 29, 476.982
w9a, 1272, 1369, 3, 30, 410.346
w9a, 1272, 1369, 3, 31, 353.09
w9a, 1272, 1369, 3, 32, 303.944
w9a, 1272, 1369, 3, 33, 261.778
w9a, 1272, 1369, 3, 34, 225.603
w9a, 1272, 1369, 3, 35, 194.56
w9a, 1272, 1369, 3, 36, 167.91
w9a, 1272, 1369, 3, 37, 145.018
w9a, 1272, 1369, 3, 38, 125.342
w9a, 1272, 1369, 3, 39, 108.417
w9a, 1272, 1369, 3, 40, 93.8485
w9a, 1272, 1369, 3, 41, 81.2974
w9a, 1272, 1369, 3, 42, 70.4761
w9a, 1272, 1369, 3, 43, 61.1386
w9a, 1272, 1369, 3, 44, 53.075
w9a, 1272, 1369, 3, 45, 46.1061
w9a, 1272, 1369, 3, 46, 40.0786
w9a, 1272, 1369, 3, 47, 34.8612
w9a, 1272, 1369, 3, 48, 30.3419
w9a, 1272, 1369, 3, 49, 26.4243
w9a, 1272, 1369, 3, 50, 23.0259
w9b, 1272, 1369, 33, 1, 0
w9b, 1272, 1369, 33, 2, 0
w9b, 1272, 1369, 33, 3, 0
w9b, 1272, 1369, 33, 4, 0
w9b, 1272, 1369, 33, 5, 0
w9b, 1272, 1369, 33, 6, 3.18941e-16
w9b, 1272, 1369, 33, 7, 7.56247e-7
w9b, 1272, 1369, 33, 8, 0.00102608
w9b, 1272, 1369, 33, 9, 0.0375271
w9b, 1272, 1369, 33, 10, 0.321253
w9b, 1272, 1369, 33, 11, 1.32683
w9b, 1272, 1369, 33, 12, 3.60887
w9b, 1272, 1369, 33, 13, 7.55641
w9b, 1272, 1369, 33, 14, 13.2873
w9b, 1272, 1369, 33, 15, 20.6767
w9b, 1272, 1369, 33, 16, 29.4421
w9b, 1272, 1369, 33, 17, 39.2286
w9b, 1272, 1369, 33, 18, 49.6721
w9b, 1272, 1369, 33, 19, 60.4059
w9b, 1272, 1369, 33, 20, 70.9361
w9b, 1272, 1369, 33, 21, 80.5624
w9b, 1272, 1369, 33, 22, 88.5591
w9b, 1272, 1369, 33, 23, 94.4148
w9b, 1272, 1369, 33, 24, 97.9304
w9b, 1272, 1369, 33, 25, 99.1828
w9b, 1272, 1369, 33, 26, 98.433
w9b, 1272, 1369, 33, 27, 96.0337
w9b, 1272, 1369, 33, 28, 92.3609
w9b, 1272, 1369, 33, 29, 87.77
w9b, 1272, 1369, 33, 30, 82.5731
w9b, 1272, 1369, 33, 31, 77.0299
w9b, 1272, 1369, 33, 32, 71.3483
w9b, 1272, 1369, 33, 33, 65.6878
w9b, 1272, 1369, 33, 34, 60.1666
w9b, 1272, 1369, 33, 35, 54.8684
w9b, 1272, 1369, 33, 36, 49.8493
w9b, 1272, 1369, 33, 37, 45.1435
w9b, 1272, 1369, 33, 38, 40.7683
w9b, 1272, 1369, 33, 39, 36.7287
w9b, 1272, 1369, 33, 40, 33.0204
w9b, 1272, 1369, 33, 41, 29.6328
w9b, 1272, 1369, 33, 42, 26.5507
w9b, 1272, 1369, 33, 43, 23.7564
w9b, 1272, 1369, 33, 44, 21.2307
w9b, 1272, 1369, 33, 45, 18.9535
w9b, 1272, 1369, 33, 46, 16.9049
w9b, 1272, 1369, 33, 47, 15.0655
w9b, 1272, 1369, 33, 48, 13.4168
w9b, 1272, 1369, 33, 49, 11.941
w9b, 1272, 1369, 33, 50, 10.6218
w10a, 1377, 1534, 3, 1, 0
w10a, 1377, 1534, 3, 2, 0
w10a, 1377, 1534, 3, 3, 0
w10a, 1377, 1534, 3, 4, 0
w10a, 1377, 1534, 3, 5, 0
w10a, 1377, 1534, 3, 6, 3.29721e-6
w10a, 1377, 1534, 3, 7, 0.157856
w10a, 1377, 1534, 3, 8, 5.83679
w10a, 1377, 1534, 3, 9, 35.3227
w10a, 1377, 1534, 3, 10, 103.049
w10a, 1377, 1534, 3, 11, 208.291
w10a, 1377, 1534, 3, 12, 341.099
w10a, 1377, 1534, 3, 13, 489.616
w10a, 1377, 1534, 3, 14, 643.701
w10a, 1377, 1534, 3, 15, 795.928
w10a, 1377, 1534, 3, 16, 941.41
w10a, 1377, 1534, 3, 17, 1077.09
w10a, 1377, 1534, 3, 18, 1196.16
w10a, 1377, 1534, 3, 19, 1279.84
w10a, 1377, 1534, 3, 20, 1313.86
w10a, 1377, 1534, 3, 21, 1299.47
w10a, 1377, 1534, 3, 22, 1247.37
w10a, 1377, 1534, 3, 23, 1170.27
w10a, 1377, 1534, 3, 24, 1079.2
w10a, 1377, 1534, 3, 25, 982.428
w10a, 1377, 1534, 3, 26, 885.677
w10a, 1377, 1534, 3, 27, 792.595
w10a, 1377, 1534, 3, 28, 705.333
w10a, 1377, 1534, 3, 29, 624.997
w10a, 1377, 1534, 3, 30, 551.997
w10a, 1377, 1534, 3, 31, 486.3
w10a, 1377, 1534, 3, 32, 427.598
w10a, 1377, 1534, 3, 33, 375.43
w10a, 1377, 1534, 3, 34, 329.263
w10a, 1377, 1534, 3, 35, 288.535
w10a, 1377, 1534, 3, 36, 252.693
w10a, 1377, 1534, 3, 37, 221.21
w10a, 1377, 1534, 3, 38, 193.596
w10a, 1377, 1534, 3, 39, 169.401
w10a, 1377, 1534, 3, 40, 148.219
w10a, 1377, 1534, 3, 41, 129.687
w10a, 1377, 1534, 3, 42, 113.478
w10a, 1377, 1534, 3, 43, 99.307
w10a, 1377, 1534, 3, 44, 86.9184
w10a, 1377, 1534, 3, 45, 76.0891
w10a, 1377, 1534, 3, 46, 66.6228
w10a, 1377, 1534, 3, 47, 58.3474
w10a, 1377, 1534, 3, 48, 51.1122
w10a, 1377, 1534, 3, 49, 44.7856
w10a, 1377, 1534, 3, 50, 39.2524
w10b, 1377, 1534, 33, 1, 0
w10b, 1377, 1534, 33, 2, 0
w10b, 1377, 1534, 33, 3, 0
w10b, 1377, 1534, 33, 4, 0
w10b, 1377, 1534, 33, 5, 0
w10b, 1377, 1534, 33, 6, 1.28687e-19
w10b, 1377, 1534, 33, 7, 2.02348e-8
w10b, 1377, 1534, 33, 8, 0.000111107
w10b, 1377, 1534, 33, 9, 0.00817048
w10b, 1377, 1534, 33, 10, 0.106288
w10b, 1377, 1534, 33, 11, 0.579842
w10b, 1377, 1534, 33, 12, 1.92261
w10b, 1377, 1534, 33, 13, 4.66712
w10b, 1377, 1534, 33, 14, 9.20063
w10b, 1377, 1534, 33, 15, 15.678
w10b, 1377, 1534, 33, 16, 24.03
w10b, 1377, 1534, 33, 17, 34.0224
w10b, 1377, 1534, 33, 18, 45.3251
w10b, 1377, 1534, 33, 19, 57.565
w10b, 1377, 1534, 33, 20, 70.3022
w10b, 1377, 1534, 33, 21, 82.9273
w10b, 1377, 1534, 33, 22, 94.6703
w10b, 1377, 1534, 33, 23, 104.774
w10b, 1377, 1534, 33, 24, 112.677
w10b, 1377, 1534, 33, 25, 118.097
w10b, 1377, 1534, 33, 26, 121.013
w10b, 1377, 1534, 33, 27, 121.606
w10b, 1377, 1534, 33, 28, 120.177
w10b, 1377, 1534, 33, 29, 117.082
w10b, 1377, 1534, 33, 30, 112.69
w10b, 1377, 1534, 33, 31, 107.343
w10b, 1377, 1534, 33, 32, 101.348
w10b, 1377, 1534, 33, 33, 94.9635
w10b, 1377, 1534, 33, 34, 88.4019
w10b, 1377, 1534, 33, 35, 81.8312
w10b, 1377, 1534, 33, 36, 75.3802
w10b, 1377, 1534, 33, 37, 69.1442
w10b, 1377, 1534, 33, 38, 63.1903
w10b, 1377, 1534, 33, 39, 57.563
w10b, 1377, 1534, 33, 40, 52.2887
w10b, 1377, 1534, 33, 41, 47.3798
w10b, 1377, 1534, 33, 42, 42.8378
w10b, 1377, 1534, 33, 43, 38.6563
w10b, 1377, 1534, 33, 44, 34.8233
w10b, 1377, 1534, 33, 45, 31.3228
w10b, 1377, 1534, 33, 46, 28.1361
w10b, 1377, 1534, 33, 47, 25.2433
w10b, 1377, 1534, 33, 48, 22.6238
w10b, 1377, 1534, 33, 49, 20.2567
w10b, 1377, 1534, 33, 50, 18.1218
w11a, 1445, 1150, 3, 1, 0
w11a, 1445, 1150, 3, 2, 0
w11a, 1445, 1150, 3, 3, 0
w11a, 1445, 1150, 3, 4, 0
w11a, 1445, 1150, 3, 5, 0
w11a, 1445, 1150, 3, 6, 1.94195e-29
w11a, 1445, 1150, 3, 7, 2.64208e-13
w11a, 1445, 1150, 3, 8, 6.41437e-8
w11a, 1445, 1150, 3, 9, 3.13374e-5
w11a, 1445, 1150, 3, 10, 0.00126838
w11a, 1445, 1150, 3, 11, 0.014729
w11a, 1445, 1150, 3, 12, 0.0836669
w11a, 1445, 1150, 3, 13, 0.303737
w11a, 1445, 1150, 3, 14, 0.817806
w11a, 1445, 1150, 3, 15, 1.78598
w11a, 1445, 1150, 3, 16, 3.34935
w11a, 1445, 1150, 3, 17, 5.60345
w11a, 1445, 1150, 3, 18, 8.5871
w11a, 1445, 1150, 3, 19, 12.2843
w11a, 1445, 1150, 3, 20, 16.6331
w11a, 1445, 1150, 3, 21, 21.5304
w11a, 1445, 1150, 3, 22, 26.8227
w11a, 1445, 1150, 3, 23, 32.2974
w11a, 1445, 1150, 3, 24, 37.6963
w11a, 1445, 1150, 3, 25, 42.7523
w11a, 1445, 1150, 3, 26, 47.2289
w11a, 1445, 1150, 3, 27, 50.9487
w11a, 1445, 1150, 3, 28, 53.8052
w11a, 1445, 1150, 3, 29, 55.7605
w11a, 1445, 1150, 3, 30, 56.8339
w11a, 1445, 1150, 3, 31, 57.0877
w11a, 1445, 1150, 3, 32, 56.6121
w11a, 1445, 1150, 3, 33, 55.5123
w11a, 1445, 1150, 3, 34, 53.8986
w11a, 1445, 1150, 3, 35, 51.8791
w11a, 1445, 1150, 3, 36, 49.5542
w11a, 1445, 1150, 3, 37, 47.0143
w11a, 1445, 1150, 3, 38, 44.3382
w11a, 1445, 1150, 3, 39, 41.5927
w11a, 1445, 1150, 3, 40, 38.833
w11a, 1445, 1150, 3, 41, 36.1036
w11a, 1445, 1150, 3, 42, 33.4397
w11a, 1445, 1150, 3, 43, 30.8676
w11a, 1445, 1150, 3, 44, 28.4069
w11a, 1445, 1150, 3, 45, 26.0709
w11a, 1445, 1150, 3, 46, 23.8679
w11a, 1445, 1150, 3, 47, 21.8024
w11a, 1445, 1150, 3, 48, 19.8753
w11a, 1445, 1150, 3, 49, 18.0854
w11a, 1445, 1150, 3, 50, 16.4292
w11b, 1445, 1150, 33, 1, 0
w11b, 1445, 1150, 33, 2, 0
w11b, 1445, 1150, 33, 3, 0
w11b, 1445, 1150, 33, 4, 0
w11b, 1445, 1150, 33, 5, 0
w11b, 1445, 1150, 33, 6, 1.29407e-42
w11b, 1445, 1150, 33, 7, 5.75946e-20
w11b, 1445, 1150, 33, 8, 2.07516e-12
w11b, 1445, 1150, 33, 9, 1.23426e-8
w11b, 1445, 1150, 33, 10, 2.23614e-6
w11b, 1445, 1150, 33, 11, 7.04617e-5
w11b, 1445, 1150, 33, 12, 0.000815768
w11b, 1445, 1150, 33, 13, 0.00504658
w11b, 1445, 1150, 33, 14, 0.0205471
w11b, 1445, 1150, 33, 15, 0.062404
w11b, 1445, 1150, 33, 16, 0.153125
w11b, 1445, 1150, 33, 17, 0.320182
w11b, 1445, 1150, 33, 18, 0.591983
w11b, 1445, 1150, 33, 19, 0.993713
w11b, 1445, 1150, 33, 20, 1.54413
w11b, 1445, 1150, 33, 21, 2.2537
w11b, 1445, 1150, 33, 22, 3.12374
w11b, 1445, 1150, 33, 23, 4.14541
w11b, 1445, 1150, 33, 24, 5.29834
w11b, 1445, 1150, 33, 25, 6.54993
w11b, 1445, 1150, 33, 26, 7.85698
w11b, 1445, 1150, 33, 27, 9.16969
w11b, 1445, 1150, 33, 28, 10.437
w11b, 1445, 1150, 33, 29, 11.6119
w11b, 1445, 1150, 33, 30, 12.6551
w11b, 1445, 1150, 33, 31, 13.5376
w11b, 1445, 1150, 33, 32, 14.2413
w11b, 1445, 1150, 33, 33, 14.7585
w11b, 1445, 1150, 33, 34, 15.0902
w11b, 1445, 1150, 33, 35, 15.2448
w11b, 1445, 1150, 33, 36, 15.236
w11b, 1445, 1150, 33, 37, 15.0808
w11b, 1445, 1150, 33, 38, 14.7985
w11b, 1445, 1150, 33, 39, 14.4088
w11b, 1445, 1150, 33, 40, 13.9314
w11b, 1445, 1150, 33, 41, 13.3851
w11b, 1445, 1150, 33, 42, 12.7869
w11b, 1445, 1150, 33, 43, 12.1526
w11b, 1445, 1150, 33, 44, 11.4958
w11b, 1445, 1150, 33, 45, 10.8283
w11b, 1445, 1150, 33, 46, 10.1602
w11b, 1445, 1150, 33, 47, 9.49966
w11b, 1445, 1150, 33, 48, 8.85348
w11b, 1445, 1150, 33, 49, 8.22694
w11b, 1445, 1150, 33, 50, 7.62408
w12a, 1514, 1714, 3, 1, 0
w12a, 1514, 1714, 3, 2, 0
w12a, 1514, 1714, 3, 3, 0
w12a, 1514, 1714, 3, 4, 0
w12a, 1514, 1714, 3, 5, 0
w12a, 1514, 1714, 3, 6, 1.00081e-27
w12a, 1514, 1714, 3, 7, 2.48409e-12
w12a, 1514, 1714, 3, 8, 3.42055e-7
w12a, 1514, 1714, 3, 9, 0.000125866
w12a, 1514, 1714, 3, 10, 0.00429828
w12a, 1514, 1714, 3, 11, 0.0445741
w12a, 1514, 1714, 3, 12, 0.233577
w12a, 1514, 1714, 3, 13, 0.798303
w12a, 1514, 1714, 3, 14, 2.05118
w12a, 1514, 1714, 3, 15, 4.31564
w12a, 1514, 1714, 3, 16, 7.8515
w12a, 1514, 1714, 3, 17, 12.8095
w12a, 1514, 1714, 3, 18, 19.2199
w12a, 1514, 1714, 3, 19, 27.0057
w12a, 1514, 1714, 3, 20, 36.0051
w12a, 1514, 1714, 3, 21, 45.9766
w12a, 1514, 1714, 3, 22, 56.5737
w12a, 1514, 1714, 3, 23, 67.332
w12a, 1514, 1714, 3, 24, 77.7134
w12a, 1514, 1714, 3, 25, 87.1908
w12a, 1514, 1714, 3, 26, 95.3278
w12a, 1514, 1714, 3, 27, 101.826
w12a, 1514, 1714, 3, 28, 106.537
w12a, 1514, 1714, 3, 29, 109.447
w12a, 1514, 1714, 3, 30, 110.644
w12a, 1514, 1714, 3, 31, 110.294
w12a, 1514, 1714, 3, 32, 108.602
w12a, 1514, 1714, 3, 33, 105.791
w12a, 1514, 1714, 3, 34, 102.088
w12a, 1514, 1714, 3, 35, 97.7033
w12a, 1514, 1714, 3, 36, 92.8299
w12a, 1514, 1714, 3, 37, 87.6363
w12a, 1514, 1714, 3, 38, 82.2662
w12a, 1514, 1714, 3, 39, 76.8386
w12a, 1514, 1714, 3, 40, 71.45
w12a, 1514, 1714, 3, 41, 66.176
w12a, 1514, 1714, 3, 42, 61.0744
w12a, 1514, 1714, 3, 43, 56.1876
w12a, 1514, 1714, 3, 44, 51.5449
w12a, 1514, 1714, 3, 45, 47.1649
w12a, 1514, 1714, 3, 46, 43.0578
w12a, 1514, 1714, 3, 47, 39.2266
w12a, 1514, 1714, 3, 48, 35.669
w12a, 1514, 1714, 3, 49, 32.3788
w12a, 1514, 1714, 3, 50, 29.3467
w12b, 1514, 1714, 33, 1, 0
w12b, 1514, 1714, 33, 2, 0
w12b, 1514, 1714, 33, 3, 0
w12b, 1514, 1714, 33, 4, 0
w12b, 1514, 1714, 33, 5, 0
w12b, 1514, 1714, 33, 6, 6.57819e-41
w12b, 1514, 1714, 33, 7, 5.34148e-19
w12b, 1514, 1714, 33, 8, 1.09157e-11
w12b, 1514, 1714, 33, 9, 4.88982e-8
w12b, 1514, 1714, 33, 10, 7.4739e-6
w12b, 1514, 1714, 33, 11, 0.000210287
w12b, 1514, 1714, 33, 12, 0.00224558
w12b, 1514, 1714, 33, 13, 0.013076
w12b, 1514, 1714, 33, 14, 0.0507957
w12b, 1514, 1714, 33, 15, 0.148596
w12b, 1514, 1714, 33, 16, 0.35364
w12b, 1514, 1714, 33, 17, 0.720914
w12b, 1514, 1714, 33, 18, 1.30468
w12b, 1514, 1714, 33, 19, 2.15046
w12b, 1514, 1714, 33, 20, 3.28946
w12b, 1514, 1714, 33, 21, 4.73582
w12b, 1514, 1714, 33, 22, 6.48548
w12b, 1514, 1714, 33, 23, 8.51431
w12b, 1514, 1714, 33, 24, 10.7754
w12b, 1514, 1714, 33, 25, 13.1985
w12b, 1514, 1714, 33, 26, 15.6947
w12b, 1514, 1714, 33, 27, 18.1651
w12b, 1514, 1714, 33, 28, 20.5123
w12b, 1514, 1714, 33, 29, 22.6495
w12b, 1514, 1714, 33, 30, 24.5079
w12b, 1514, 1714, 33, 31, 26.0397
w12b, 1514, 1714, 33, 32, 27.2187
w12b, 1514, 1714, 33, 33, 28.0377
w12b, 1514, 1714, 33, 34, 28.5062
w12b, 1514, 1714, 33, 35, 28.6456
w12b, 1514, 1714, 33, 36, 28.4864
w12b, 1514, 1714, 33, 37, 28.0645
w12b, 1514, 1714, 33, 38, 27.418
w12b, 1514, 1714, 33, 39, 26.5858
w12b, 1514, 1714, 33, 40, 25.6051
w12b, 1514, 1714, 33, 41, 24.5108
w12b, 1514, 1714, 33, 42, 23.3347
w12b, 1514, 1714, 33, 43, 22.1049
w12b, 1514, 1714, 33, 44, 20.8458
w12b, 1514, 1714, 33, 45, 19.5782
w12b, 1514, 1714, 33, 46, 18.3195
w12b, 1514, 1714, 33, 47, 17.0838
w12b, 1514, 1714, 33, 48, 15.8822
w12b, 1514, 1714, 33, 49, 14.7235
w12b, 1514, 1714, 33, 50, 13.614
w13a, 1608, 1491, 3, 1, 0
w13a, 1608, 1491, 3, 2, 0
w13a, 1608, 1491, 3, 3, 0
w13a, 1608, 1491, 3, 4, 0
w13a, 1608, 1491, 3, 5, 0
w13a, 1608, 1491, 3, 6, 2.75877e-16
w13a, 1608, 1491, 3, 7, 2.27102e-6
w13a, 1608, 1491, 3, 8, 0.00466548
w13a, 1608, 1491, 3, 9, 0.209927
w13a, 1608, 1491, 3, 10, 2.03463
w13a, 1608, 1491, 3, 11, 9.12646
w13a, 1608, 1491, 3, 12, 26.3249
w13a, 1608, 1491, 3, 13, 57.5895
w13a, 1608, 1491, 3, 14, 104.755
w13a, 1608, 1491, 3, 15, 167.453
w13a, 1608, 1491, 3, 16, 243.691
w13a, 1608, 1491, 3, 17, 330.577
w13a, 1608, 1491, 3, 18, 424.915
w13a, 1608, 1491, 3, 19, 523.438
w13a, 1608, 1491, 3, 20, 622.009
w13a, 1608, 1491, 3, 21, 714.721
w13a, 1608, 1491, 3, 22, 794.955
w13a, 1608, 1491, 3, 23, 857.421
w13a, 1608, 1491, 3, 24, 899.345
w13a, 1608, 1491, 3, 25, 920.488
w13a, 1608, 1491, 3, 26, 922.499
w13a, 1608, 1491, 3, 27, 908.138
w13a, 1608, 1491, 3, 28, 880.622
w13a, 1608, 1491, 3, 29, 843.161
w13a, 1608, 1491, 3, 30, 798.699
w13a, 1608, 1491, 3, 31, 749.771
w13a, 1608, 1491, 3, 32, 698.468
w13a, 1608, 1491, 3, 33, 646.451
w13a, 1608, 1491, 3, 34, 594.99
w13a, 1608, 1491, 3, 35, 545.025
w13a, 1608, 1491, 3, 36, 497.216
w13a, 1608, 1491, 3, 37, 452.002
w13a, 1608, 1491, 3, 38, 409.646
w13a, 1608, 1491, 3, 39, 370.275
w13a, 1608, 1491, 3, 40, 333.917
w13a, 1608, 1491, 3, 41, 300.523
w13a, 1608, 1491, 3, 42, 269.992
w13a, 1608, 1491, 3, 43, 242.188
w13a, 1608, 1491, 3, 44, 216.954
w13a, 1608, 1491, 3, 45, 194.117
w13a, 1608, 1491, 3, 46, 173.501
w13a, 1608, 1491, 3, 47, 154.932
w13a, 1608, 1491, 3, 48, 138.237
w13a, 1608, 1491, 3, 49, 123.252
w13a, 1608, 1491, 3, 50, 109.821
w13b, 1608, 1491, 33, 1, 0
w13b, 1608, 1491, 33, 2, 0
w13b, 1608, 1491, 33, 3, 0
w13b, 1608, 1491, 33, 4, 0
w13b, 1608, 1491, 33, 5, 0
w13b, 1608, 1491, 33, 6, 1.55678e-29
w13b, 1608, 1491, 33, 7, 4.19582e-13
w13b, 1608, 1491, 33, 8, 1.27932e-7
w13b, 1608, 1491, 33, 9, 7.00402e-5
w13b, 1608, 1491, 33, 10, 0.00303521
w13b, 1608, 1491, 33, 11, 0.0368858
w13b, 1608, 1491, 33, 12, 0.21643
w13b, 1608, 1491, 33, 13, 0.804997
w13b, 1608, 1491, 33, 14, 2.20858
w13b, 1608, 1491, 33, 15, 4.89607
w13b, 1608, 1491, 33, 16, 9.29458
w13b, 1608, 1491, 33, 17, 15.7078
w13b, 1608, 1491, 33, 18, 24.2771
w13b, 1608, 1491, 33, 19, 34.9817
w13b, 1608, 1491, 33, 20, 47.6613
w13b, 1608, 1491, 33, 21, 62.0319
w13b, 1608, 1491, 33, 22, 77.6623
w13b, 1608, 1491, 33, 23, 93.9464
w13b, 1608, 1491, 33, 24, 110.136
w13b, 1608, 1491, 33, 25, 125.441
w13b, 1608, 1491, 33, 26, 139.144
w13b, 1608, 1491, 33, 27, 150.69
w13b, 1608, 1491, 33, 28, 159.727
w13b, 1608, 1491, 33, 29, 166.107
w13b, 1608, 1491, 33, 30, 169.856
w13b, 1608, 1491, 33, 31, 171.133
w13b, 1608, 1491, 33, 32, 170.188
w13b, 1608, 1491, 33, 33, 167.321
w13b, 1608, 1491, 33, 34, 162.856
w13b, 1608, 1491, 33, 35, 157.112
w13b, 1608, 1491, 33, 36, 150.39
w13b, 1608, 1491, 33, 37, 142.966
w13b, 1608, 1491, 33, 38, 135.078
w13b, 1608, 1491, 33, 39, 126.933
w13b, 1608, 1491, 33, 40, 118.704
w13b, 1608, 1491, 33, 41, 110.529
w13b, 1608, 1491, 33, 42, 102.52
w13b, 1608, 1491, 33, 43, 94.7624
w13b, 1608, 1491, 33, 44, 87.3189
w13b, 1608, 1491, 33, 45, 80.2344
w13b, 1608, 1491, 33, 46, 73.538
w13b, 1608, 1491, 33, 47, 67.246
w13b, 1608, 1491, 33, 48, 61.3647
w13b, 1608, 1491, 33, 49, 55.8921
w13b, 1608, 1491, 33, 50, 50.8203
w14a, 1658, 1284, 3, 1, 0
w14a, 1658, 1284, 3, 2, 0
w14a, 1658, 1284, 3, 3, 0
w14a, 1658, 1284, 3, 4, 0
w14a, 1658, 1284, 3, 5, 0
w14a, 1658, 1284, 3, 6, 8.12139e-26
w14a, 1658, 1284, 3, 7, 3.83294e-11
w14a, 1658, 1284, 3, 8, 3.0351e-6
w14a, 1658, 1284, 3, 9, 0.000847012
w14a, 1658, 1284, 3, 10, 0.0245063
w14a, 1658, 1284, 3, 11, 0.22758
w14a, 1658, 1284, 3, 12, 1.10233
w14a, 1658, 1284, 3, 13, 3.55218
w14a, 1658, 1284, 3, 14, 8.7202
w14a, 1658, 1284, 3, 15, 17.6926
w14a, 1658, 1284, 3, 16, 31.2508
w14a, 1658, 1284, 3, 17, 49.7521
w14a, 1658, 1284, 3, 18, 73.131
w14a, 1658, 1284, 3, 19, 100.975
w14a, 1658, 1284, 3, 20, 132.612
w14a, 1658, 1284, 3, 21, 167.1
w14a, 1658, 1284, 3, 22, 203.119
w14a, 1658, 1284, 3, 23, 238.957
w14a, 1658, 1284, 3, 24, 272.728
w14a, 1658, 1284, 3, 25, 302.695
w14a, 1658, 1284, 3, 26, 327.528
w14a, 1658, 1284, 3, 27, 346.423
w14a, 1658, 1284, 3, 28, 359.099
w14a, 1658, 1284, 3, 29, 365.709
w14a, 1658, 1284, 3, 30, 366.724
w14a, 1658, 1284, 3, 31, 362.815
w14a, 1658, 1284, 3, 32, 354.753
w14a, 1658, 1284, 3, 33, 343.333
w14a, 1658, 1284, 3, 34, 329.318
w14a, 1658, 1284, 3, 35, 313.409
w14a, 1658, 1284, 3, 36, 296.224
w14a, 1658, 1284, 3, 37, 278.293
w14a, 1658, 1284, 3, 38, 260.056
w14a, 1658, 1284, 3, 39, 241.869
w14a, 1658, 1284, 3, 40, 224.015
w14a, 1658, 1284, 3, 41, 206.708
w14a, 1658, 1284, 3, 42, 190.107
w14a, 1658, 1284, 3, 43, 174.321
w14a, 1658, 1284, 3, 44, 159.422
w14a, 1658, 1284, 3, 45, 145.449
w14a, 1658, 1284, 3, 46, 132.417
w14a, 1658, 1284, 3, 47, 120.32
w14a, 1658, 1284, 3, 48, 109.137
w14a, 1658, 1284, 3, 49, 98.8379
w14a, 1658, 1284, 3, 50, 89.3825
w14b, 1658, 1284, 33, 1, 0
w14b, 1658, 1284, 33, 2, 0
w14b, 1658, 1284, 33, 3, 0
w14b, 1658, 1284, 33, 4, 0
w14b, 1658, 1284, 33, 5, 0
w14b, 1658, 1284, 33, 6, 5.26104e-39
w14b, 1658, 1284, 33, 7, 8.12346e-18
w14b, 1658, 1284, 33, 8, 9.54651e-11
w14b, 1658, 1284, 33, 9, 3.24317e-7
w14b, 1658, 1284, 33, 10, 4.19939e-5
w14b, 1658, 1284, 33, 11, 0.00105795
w14b, 1658, 1284, 33, 12, 0.010441
w14b, 1658, 1284, 33, 13, 0.057313
w14b, 1658, 1284, 33, 14, 0.212669
w14b, 1658, 1284, 33, 15, 0.599801
w14b, 1658, 1284, 33, 16, 1.38551
w14b, 1658, 1284, 33, 17, 2.75538
w14b, 1658, 1284, 33, 18, 4.88367
w14b, 1658, 1284, 33, 19, 7.90774
w14b, 1658, 1284, 33, 20, 11.9122
w14b, 1658, 1284, 33, 21, 16.9229
w14b, 1658, 1284, 33, 22, 22.9044
w14b, 1658, 1284, 33, 23, 29.7538
w14b, 1658, 1284, 33, 24, 37.2919
w14b, 1658, 1284, 33, 25, 45.2645
w14b, 1658, 1284, 33, 26, 53.3623
w14b, 1658, 1284, 33, 27, 61.255
w14b, 1658, 1284, 33, 28, 68.6281
w14b, 1658, 1284, 33, 29, 75.2137
w14b, 1658, 1284, 33, 30, 80.8099
w14b, 1658, 1284, 33, 31, 85.2876
w14b, 1658, 1284, 33, 32, 88.5881
w14b, 1658, 1284, 33, 33, 90.714
w14b, 1658, 1284, 33, 34, 91.7171
w14b, 1658, 1284, 33, 35, 91.6851
w14b, 1658, 1284, 33, 36, 90.7296
w14b, 1658, 1284, 33, 37, 88.9753
w14b, 1658, 1284, 33, 38, 86.551
w14b, 1658, 1284, 33, 39, 83.5839
w14b, 1658, 1284, 33, 40, 80.1939
w14b, 1658, 1284, 33, 41, 76.4913
w14b, 1658, 1284, 33, 42, 72.5748
w14b, 1658, 1284, 33, 43, 68.5306
w14b, 1658, 1284, 33, 44, 64.4325
w14b, 1658, 1284, 33, 45, 60.3422
w14b, 1658, 1284, 33, 46, 56.3105
w14b, 1658, 1284, 33, 47, 52.3778
w14b, 1658, 1284, 33, 48, 48.5757
w14b, 1658, 1284, 33, 49, 44.9278
w14b, 1658, 1284, 33, 50, 41.4511
w15a, 1750, 1094, 3, 1, 0
w15a, 1750, 1094, 3, 2, 0
w15a, 1750, 1094, 3, 3, 0
w15a, 1750, 1094, 3, 4, 0
w15a, 1750, 1094, 3, 5, 0
w15a, 1750, 1094, 3, 6, 1.8092e-56
w15a, 1750, 1094, 3, 7, 1.75955e-26
w15a, 1750, 1094, 3, 8, 1.77212e-16
w15a, 1750, 1094, 3, 9, 1.76147e-11
w15a, 1750, 1094, 3, 10, 1.72799e-8
w15a, 1750, 1094, 3, 11, 1.67791e-6
w15a, 1750, 1094, 3, 12, 4.33727e-5
w15a, 1750, 1094, 3, 13, 0.000489745
w15a, 1750, 1094, 3, 14, 0.00318175
w15a, 1750, 1094, 3, 15, 0.0140337
w15a, 1750, 1094, 3, 16, 0.0466956
w15a, 1750, 1094, 3, 17, 0.125759
w15a, 1750, 1094, 3, 18, 0.287833
w15a, 1750, 1094, 3, 19, 0.579737
w15a, 1750, 1094, 3, 20, 1.05422
w15a, 1750, 1094, 3, 21, 1.76439
w15a, 1750, 1094, 3, 22, 2.75807
w15a, 1750, 1094, 3, 23, 4.07299
w15a, 1750, 1094, 3, 24, 5.73255
w15a, 1750, 1094, 3, 25, 7.74195
w15a, 1750, 1094, 3, 26, 10.0846
w15a, 1750, 1094, 3, 27, 12.7201
w15a, 1750, 1094, 3, 28, 15.5855
w15a, 1750, 1094, 3, 29, 18.5992
w15a, 1750, 1094, 3, 30, 21.6678
w15a, 1750, 1094, 3, 31, 24.6941
w15a, 1750, 1094, 3, 32, 27.5848
w15a, 1750, 1094, 3, 33, 30.2568
w15a, 1750, 1094, 3, 34, 32.6419
w15a, 1750, 1094, 3, 35, 34.6888
w15a, 1750, 1094, 3, 36, 36.3637
w15a, 1750, 1094, 3, 37, 37.65
w15a, 1750, 1094, 3, 38, 38.546
w15a, 1750, 1094, 3, 39, 39.0626
w15a, 1750, 1094, 3, 40, 39.2208
w15a, 1750, 1094, 3, 41, 39.049
w15a, 1750, 1094, 3, 42, 38.5807
w15a, 1750, 1094, 3, 43, 37.8522
w15a, 1750, 1094, 3, 44, 36.9009
w15a, 1750, 1094, 3, 45, 35.764
w15a, 1750, 1094, 3, 46, 34.4771
w15a, 1750, 1094, 3, 47, 33.074
w15a, 1750, 1094, 3, 48, 31.5852
w15a, 1750, 1094, 3, 49, 30.0387
w15a, 1750, 1094, 3, 50, 28.4591
w15b, 1750, 1094, 33, 1, 0
w15b, 1750, 1094, 33, 2, 0
w15b, 1750, 1094, 33, 3, 0
w15b, 1750, 1094, 33, 4, 0
w15b, 1750, 1094, 33, 5, 0
w15b, 1750, 1094, 33, 6, 1.39068e-69
w15b, 1750, 1094, 33, 7, 4.42242e-33
w15b, 1750, 1094, 33, 8, 6.61019e-21
w15b, 1750, 1094, 33, 9, 8.00242e-15
w15b, 1750, 1094, 33, 10, 3.51657e-11
w15b, 1750, 1094, 33, 11, 9.27563e-9
w15b, 1750, 1094, 33, 12, 4.89345e-7
w15b, 1750, 1094, 33, 13, 9.43098e-6
w15b, 1750, 1094, 33, 14, 9.28239e-5
w15b, 1750, 1094, 33, 15, 0.000570564
w15b, 1750, 1094, 33, 16, 0.00248971
w15b, 1750, 1094, 33, 17, 0.00840115
w15b, 1750, 1094, 33, 18, 0.0232601
w15b, 1750, 1094, 33, 19, 0.055128
w15b, 1750, 1094, 33, 20, 0.11538
w15b, 1750, 1094, 33, 21, 0.218285
w15b, 1750, 1094, 33, 22, 0.380033
w15b, 1750, 1094, 33, 23, 0.61739
w15b, 1750, 1094, 33, 24, 0.94622
w15b, 1750, 1094, 33, 25, 1.37999
w15b, 1750, 1094, 33, 26, 1.92825
w15b, 1750, 1094, 33, 27, 2.59527
w15b, 1750, 1094, 33, 28, 3.37877
w15b, 1750, 1094, 33, 29, 4.26938
w15b, 1750, 1094, 33, 30, 5.25065
w15b, 1750, 1094, 33, 31, 6.30006
w15b, 1750, 1094, 33, 32, 7.39058
w15b, 1750, 1094, 33, 33, 8.49266
w15b, 1750, 1094, 33, 34, 9.57632
w15b, 1750, 1094, 33, 35, 10.6131
w15b, 1750, 1094, 33, 36, 11.5774
w15b, 1750, 1094, 33, 37, 12.448
w15b, 1750, 1094, 33, 38, 13.2082
w15b, 1750, 1094, 33, 39, 13.8466
w15b, 1750, 1094, 33, 40, 14.3562
w15b, 1750, 1094, 33, 41, 14.7348
w15b, 1750, 1094, 33, 42, 14.9841
w15b, 1750, 1094, 33, 43, 15.1088
w15b, 1750, 1094, 33, 44, 15.1164
w15b, 1750, 1094, 33, 45, 15.0163
w15b, 1750, 1094, 33, 46, 14.8191
w15b, 1750, 1094, 33, 47, 14.5362
w15b, 1750, 1094, 33, 48, 14.1795
w15b, 1750, 1094, 33, 49, 13.7603
w15b, 1750, 1094, 33, 50, 13.2902
w16a, 1761, 1636, 3, 1, 0
w16a, 1761, 1636, 3, 2, 0
w16a, 1761, 1636, 3, 3, 0
w16a, 1761, 1636, 3, 4, 0
w16a, 1761, 1636, 3, 5, 0
w16a, 1761, 1636, 3, 6, 7.15853e-35
w16a, 1761, 1636, 3, 7, 1.43407e-15
w16a, 1761, 1636, 3, 8, 3.9603e-9
w16a, 1761, 1636, 3, 9, 6.52312e-6
w16a, 1761, 1636, 3, 10, 0.00054718
w16a, 1761, 1636, 3, 11, 0.0103234
w16a, 1761, 1636, 3, 12, 0.0828914
w16a, 1761, 1636, 3, 13, 0.389891
w16a, 1761, 1636, 3, 14, 1.28334
w16a, 1761, 1636, 3, 15, 3.28944
w16a, 1761, 1636, 3, 16, 7.02864
w16a, 1761, 1636, 3, 17, 13.1023
w16a, 1761, 1636, 3, 18, 21.9917
w16a, 1761, 1636, 3, 19, 33.994
w16a, 1761, 1636, 3, 20, 49.2018
w16a, 1761, 1636, 3, 21, 67.5071
w16a, 1761, 1636, 3, 22, 88.5998
w16a, 1761, 1636, 3, 23, 111.937
w16a, 1761, 1636, 3, 24, 136.723
w16a, 1761, 1636, 3, 25, 161.958
w16a, 1761, 1636, 3, 26, 186.545
w16a, 1761, 1636, 3, 27, 209.431
w16a, 1761, 1636, 3, 28, 229.718
w16a, 1761, 1636, 3, 29, 246.745
w16a, 1761, 1636, 3, 30, 260.105
w16a, 1761, 1636, 3, 31, 269.636
w16a, 1761, 1636, 3, 32, 275.388
w16a, 1761, 1636, 3, 33, 277.572
w16a, 1761, 1636, 3, 34, 276.513
w16a, 1761, 1636, 3, 35, 272.607
w16a, 1761, 1636, 3, 36, 266.281
w16a, 1761, 1636, 3, 37, 257.97
w16a, 1761, 1636, 3, 38, 248.091
w16a, 1761, 1636, 3, 39, 237.031
w16a, 1761, 1636, 3, 40, 225.138
w16a, 1761, 1636, 3, 41, 212.719
w16a, 1761, 1636, 3, 42, 200.035
w16a, 1761, 1636, 3, 43, 187.306
w16a, 1761, 1636, 3, 44, 174.712
w16a, 1761, 1636, 3, 45, 162.398
w16a, 1761, 1636, 3, 46, 150.474
w16a, 1761, 1636, 3, 47, 139.027
w16a, 1761, 1636, 3, 48, 128.114
w16a, 1761, 1636, 3, 49, 117.777
w16a, 1761, 1636, 3, 50, 108.039
w16b, 1761, 1636, 33, 1, 0
w16b, 1761, 1636, 33, 2, 0
w16b, 1761, 1636, 33, 3, 0
w16b, 1761, 1636, 33, 4, 0
w16b, 1761, 1636, 33, 5, 0
w16b, 1761, 1636, 33, 6, 5.0071e-48
w16b, 1761, 1636, 33, 7, 3.28072e-22
w16b, 1761, 1636, 33, 8, 1.34458e-13
w16b, 1761, 1636, 33, 9, 2.69667e-9
w16b, 1761, 1636, 33, 10, 1.01281e-6
w16b, 1761, 1636, 33, 11, 5.18709e-5
w16b, 1761, 1636, 33, 12, 0.000849308
w16b, 1761, 1636, 33, 13, 0.00681152
w16b, 1761, 1636, 33, 14, 0.0339265
w16b, 1761, 1636, 33, 15, 0.121028
w16b, 1761, 1636, 33, 16, 0.338645
w16b, 1761, 1636, 33, 17, 0.789702
w16b, 1761, 1636, 33, 18, 1.60068
w16b, 1761, 1636, 33, 19, 2.90626
w16b, 1761, 1636, 33, 20, 4.83215
w16b, 1761, 1636, 33, 21, 7.48043
w16b, 1761, 1636, 33, 22, 10.919
w16b, 1761, 1636, 33, 23, 15.1742
w16b, 1761, 1636, 33, 24, 20.223
w16b, 1761, 1636, 33, 25, 25.9863
w16b, 1761, 1636, 33, 26, 32.3254
w16b, 1761, 1636, 33, 27, 39.0488
w16b, 1761, 1636, 33, 28, 45.9283
w16b, 1761, 1636, 33, 29, 52.7205
w16b, 1761, 1636, 33, 30, 59.1896
w16b, 1761, 1636, 33, 31, 65.1267
w16b, 1761, 1636, 33, 32, 70.3628
w16b, 1761, 1636, 33, 33, 74.7758
w16b, 1761, 1636, 33, 34, 78.2911
w16b, 1761, 1636, 33, 35, 80.8789
w16b, 1761, 1636, 33, 36, 82.5481
w16b, 1761, 1636, 33, 37, 83.3384
w16b, 1761, 1636, 33, 38, 83.3134
w16b, 1761, 1636, 33, 39, 82.5526
w16b, 1761, 1636, 33, 40, 81.1453
w16b, 1761, 1636, 33, 41, 79.185
w16b, 1761, 1636, 33, 42, 76.7651
w16b, 1761, 1636, 33, 43, 73.9756
w16b, 1761, 1636, 33, 44, 70.9009
w16b, 1761, 1636, 33, 45, 67.6182
w16b, 1761, 1636, 33, 46, 64.1964
w16b, 1761, 1636, 33, 47, 60.6962
w16b, 1761, 1636, 33, 48, 57.1699
w16b, 1761, 1636, 33, 49, 53.6617
w16b, 1761, 1636, 33, 50, 50.2082
w17a, 1850, 1368, 3, 1, 0
w17a, 1850, 1368, 3, 2, 0
w17a, 1850, 1368, 3, 3, 0
w17a, 1850, 1368, 3, 4, 0
w17a, 1850, 1368, 3, 5, 0
w17a, 1850, 1368, 3, 6, 2.72331e-35
w17a, 1850, 1368, 3, 7, 1.20483e-15
w17a, 1850, 1368, 3, 8, 4.33283e-9
w17a, 1850, 1368, 3, 9, 8.14382e-6
w17a, 1850, 1368, 3, 10, 0.000739404
w17a, 1850, 1368, 3, 11, 0.0147052
w17a, 1850, 1368, 3, 12, 0.122601
w17a, 1850, 1368, 3, 13, 0.593137
w17a, 1850, 1368, 3, 14, 1.99545
w17a, 1850, 1368, 3, 15, 5.20462
w17a, 1850, 1368, 3, 16, 11.2799
w17a, 1850, 1368, 3, 17, 21.2766
w17a, 1850, 1368, 3, 18, 36.0677
w17a, 1850, 1368, 3, 19, 56.2255
w17a, 1850, 1368, 3, 20, 81.9731
w17a, 1850, 1368, 3, 21, 113.186
w17a, 1850, 1368, 3, 22, 149.387
w17a, 1850, 1368, 3, 23, 189.701
w17a, 1850, 1368, 3, 24, 232.812
w17a, 1850, 1368, 3, 25, 277.029
w17a, 1850, 1368, 3, 26, 320.466
w17a, 1850, 1368, 3, 27, 361.269
w17a, 1850, 1368, 3, 28, 397.828
w17a, 1850, 1368, 3, 29, 428.913
w17a, 1850, 1368, 3, 30, 453.732
w17a, 1850, 1368, 3, 31, 471.921
w17a, 1850, 1368, 3, 32, 483.491
w17a, 1850, 1368, 3, 33, 488.748
w17a, 1850, 1368, 3, 34, 488.213
w17a, 1850, 1368, 3, 35, 482.546
w17a, 1850, 1368, 3, 36, 472.476
w17a, 1850, 1368, 3, 37, 458.755
w17a, 1850, 1368, 3, 38, 442.112
w17a, 1850, 1368, 3, 39, 423.233
w17a, 1850, 1368, 3, 40, 402.741
w17a, 1850, 1368, 3, 41, 381.185
w17a, 1850, 1368, 3, 42, 359.041
w17a, 1850, 1368, 3, 43, 336.712
w17a, 1850, 1368, 3, 44, 314.529
w17a, 1850, 1368, 3, 45, 292.761
w17a, 1850, 1368, 3, 46, 271.62
w17a, 1850, 1368, 3, 47, 251.264
w17a, 1850, 1368, 3, 48, 231.812
w17a, 1850, 1368, 3, 49, 213.345
w17a, 1850, 1368, 3, 50, 195.91
w17b, 1850, 1368, 33, 1, 0
w17b, 1850, 1368, 33, 2, 0
w17b, 1850, 1368, 33, 3, 0
w17b, 1850, 1368, 33, 4, 0
w17b, 1850, 1368, 33, 5, 0
w17b, 1850, 1368, 33, 6, 1.91331e-48
w17b, 1850, 1368, 33, 7, 2.7685e-22
w17b, 1850, 1368, 33, 8, 1.47758e-13
w17b, 1850, 1368, 33, 9, 3.38163e-9
w17b, 1850, 1368, 33, 10, 1.37473e-6
w17b, 1850, 1368, 33, 11, 7.42208e-5
w17b, 1850, 1368, 33, 12, 0.00126189
w17b, 1850, 1368, 33, 13, 0.01041
w17b, 1850, 1368, 33, 14, 0.0529979
w17b, 1850, 1368, 33, 15, 0.192398
w17b, 1850, 1368, 33, 16, 0.546085
w17b, 1850, 1368, 33, 17, 1.28864
w17b, 1850, 1368, 33, 18, 2.63827
w17b, 1850, 1368, 33, 19, 4.83122
w17b, 1850, 1368, 33, 20, 8.09214
w17b, 1850, 1368, 33, 21, 12.6077
w17b, 1850, 1368, 33, 22, 18.5071
w17b, 1850, 1368, 33, 23, 25.8485
w17b, 1850, 1368, 33, 24, 34.6048
w17b, 1850, 1368, 33, 25, 44.6512
w17b, 1850, 1368, 33, 26, 55.7582
w17b, 1850, 1368, 33, 27, 67.6013
w17b, 1850, 1368, 33, 28, 79.7867
w17b, 1850, 1368, 33, 29, 91.8883
w17b, 1850, 1368, 33, 30, 103.487
w17b, 1850, 1368, 33, 31, 114.207
w17b, 1850, 1368, 33, 32, 123.738
w17b, 1850, 1368, 33, 33, 131.851
w17b, 1850, 1368, 33, 34, 138.398
w17b, 1850, 1368, 33, 35, 143.313
w17b, 1850, 1368, 33, 36, 146.599
w17b, 1850, 1368, 33, 37, 148.316
w17b, 1850, 1368, 33, 38, 148.567
w17b, 1850, 1368, 33, 39, 147.488
w17b, 1850, 1368, 33, 40, 145.231
w17b, 1850, 1368, 33, 41, 141.959
w17b, 1850, 1368, 33, 42, 137.839
w17b, 1850, 1368, 33, 43, 133.029
w17b, 1850, 1368, 33, 44, 127.68
w17b, 1850, 1368, 33, 45, 121.931
w17b, 1850, 1368, 33, 46, 115.908
w17b, 1850, 1368, 33, 47, 109.72
w17b, 1850, 1368, 33, 48, 103.464
w17b, 1850, 1368, 33, 49, 97.221
w17b, 1850, 1368, 33, 50, 91.0585
w18a, 1950, 1205, 3, 1, 0
w18a, 1950, 1205, 3, 2, 0
w18a, 1950, 1205, 3, 3, 0
w18a, 1950, 1205, 3, 4, 0
w18a, 1950, 1205, 3, 5, 0
w18a, 1950, 1205, 3, 6, 2.42317e-57
w18a, 1950, 1205, 3, 7, 1.29947e-26
w18a, 1950, 1205, 3, 8, 2.31211e-16
w18a, 1950, 1205, 3, 9, 3.05458e-11
w18a, 1950, 1205, 3, 10, 3.55414e-8
w18a, 1950, 1205, 3, 11, 3.86682e-6
w18a, 1950, 1205, 3, 12, 0.000108407
w18a, 1950, 1205, 3, 13, 0.00130086
w18a, 1950, 1205, 3, 14, 0.00886033
w18a, 1950, 1205, 3, 15, 0.0405835
w18a, 1950, 1205, 3, 16, 0.139265
w18a, 1950, 1205, 3, 17, 0.384801
w18a, 1950, 1205, 3, 18, 0.899979
w18a, 1950, 1205, 3, 19, 1.84651
w18a, 1950, 1205, 3, 20, 3.4118
w18a, 1950, 1205, 3, 21, 5.79011
w18a, 1950, 1205, 3, 22, 9.16233
w18a, 1950, 1205, 3, 23, 13.6777
w18a, 1950, 1205, 3, 24, 19.4381
w18a, 1950, 1205, 3, 25, 26.4829
w18a, 1950, 1205, 3, 26, 34.7756
w18a, 1950, 1205, 3, 27, 44.1945
w18a, 1950, 1205, 3, 28, 54.5338
w18a, 1950, 1205, 3, 29, 65.5155
w18a, 1950, 1205, 3, 30, 76.8112
w18a, 1950, 1205, 3, 31, 88.0702
w18a, 1950, 1205, 3, 32, 98.947
w18a, 1950, 1205, 3, 33, 109.126
w18a, 1950, 1205, 3, 34, 118.34
w18a, 1950, 1205, 3, 35, 126.379
w18a, 1950, 1205, 3, 36, 133.098
w18a, 1950, 1205, 3, 37, 138.413
w18a, 1950, 1205, 3, 38, 142.297
w18a, 1950, 1205, 3, 39, 144.772
w18a, 1950, 1205, 3, 40, 145.9
w18a, 1950, 1205, 3, 41, 145.773
w18a, 1950, 1205, 3, 42, 144.505
w18a, 1950, 1205, 3, 43, 142.224
w18a, 1950, 1205, 3, 44, 139.065
w18a, 1950, 1205, 3, 45, 135.163
w18a, 1950, 1205, 3, 46, 130.652
w18a, 1950, 1205, 3, 47, 125.655
w18a, 1950, 1205, 3, 48, 120.292
w18a, 1950, 1205, 3, 49, 114.667
w18a, 1950, 1205, 3, 50, 108.877
w18b, 1950, 1205, 33, 1, 0
w18b, 1950, 1205, 33, 2, 0
w18b, 1950, 1205, 33, 3, 0
w18b, 1950, 1205, 33, 4, 0
w18b, 1950, 1205, 33, 5, 0
w18b, 1950, 1205, 33, 6, 1.87069e-70
w18b, 1950, 1205, 33, 7, 3.28018e-33
w18b, 1950, 1205, 33, 8, 8.66169e-21
w18b, 1950, 1205, 33, 9, 1.39372e-14
w18b, 1950, 1205, 33, 10, 7.26438e-11
w18b, 1950, 1205, 33, 11, 2.14697e-8
w18b, 1950, 1205, 33, 12, 1.22848e-6
w18b, 1950, 1205, 33, 13, 2.5162e-5
w18b, 1950, 1205, 33, 14, 0.000259653
w18b, 1950, 1205, 33, 15, 0.0016575
w18b, 1950, 1205, 33, 16, 0.00745958
w18b, 1950, 1205, 33, 17, 0.0258264
w18b, 1950, 1205, 33, 18, 0.073074
w18b, 1950, 1205, 33, 19, 0.176435
w18b, 1950, 1205, 33, 20, 0.375239
w18b, 1950, 1205, 33, 21, 0.719915
w18b, 1950, 1205, 33, 22, 1.26889
w18b, 1950, 1205, 33, 23, 2.08399
w18b, 1950, 1205, 33, 24, 3.22515
w18b, 1950, 1205, 33, 25, 4.74491
w18b, 1950, 1205, 33, 26, 6.68287
w18b, 1950, 1205, 33, 27, 9.06032
w18b, 1950, 1205, 33, 28, 11.8756
w18b, 1950, 1205, 33, 29, 15.101
w18b, 1950, 1205, 33, 30, 18.683
w18b, 1950, 1205, 33, 31, 22.5441
w18b, 1950, 1205, 33, 32, 26.5889
w18b, 1950, 1205, 33, 33, 30.7103
w18b, 1950, 1205, 33, 34, 34.7977
w18b, 1950, 1205, 33, 35, 38.7437
w18b, 1950, 1205, 33, 36, 42.4503
w18b, 1950, 1205, 33, 37, 45.8335
w18b, 1950, 1205, 33, 38, 48.826
w18b, 1950, 1205, 33, 39, 51.3788
w18b, 1950, 1205, 33, 40, 53.4606
w18b, 1950, 1205, 33, 41, 55.0572
w18b, 1950, 1205, 33, 42, 56.1693
w18b, 1950, 1205, 33, 43, 56.8105
w18b, 1950, 1205, 33, 44, 57.0048
w18b, 1950, 1205, 33, 45, 56.7841
w18b, 1950, 1205, 33, 46, 56.1862
w18b, 1950, 1205, 33, 47, 55.252
w18b, 1950, 1205, 33, 48, 54.0247
w18b, 1950, 1205, 33, 49, 52.5473
w18b, 1950, 1205, 33, 50, 50.8623
w19a, 2013, 1794, 3, 1, 0
w19a, 2013, 1794, 3, 2, 0
w19a, 2013, 1794, 3, 3, 0
w19a, 2013, 1794, 3, 4, 0
w19a, 2013, 1794, 3, 5, 0
w19a, 2013, 1794, 3, 6, 9.81895e-78
w19a, 2013, 1794, 3, 7, 8.97468e-37
w19a, 2013, 1794, 3, 8, 4.10889e-23
w19a, 2013, 1794, 3, 9, 2.75266e-16
w19a, 2013, 1794, 3, 10, 3.3759e-12
w19a, 2013, 1794, 3, 11, 1.76478e-9
w19a, 2013, 1794, 3, 12, 1.51729e-7
w19a, 2013, 1794, 3, 13, 4.21695e-6
w19a, 2013, 1794, 3, 14, 5.51647e-5
w19a, 2013, 1794, 3, 15, 0.000425652
w19a, 2013, 1794, 3, 16, 0.00223663
w19a, 2013, 1794, 3, 17, 0.00880904
w19a, 2013, 1794, 3, 18, 0.0277917
w19a, 2013, 1794, 3, 19, 0.0736521
w19a, 2013, 1794, 3, 20, 0.169778
w19a, 2013, 1794, 3, 21, 0.349439
w19a, 2013, 1794, 3, 22, 0.655172
w19a, 2013, 1794, 3, 23, 1.1366
w19a, 2013, 1794, 3, 24, 1.847
w19a, 2013, 1794, 3, 25, 2.8392
w19a, 2013, 1794, 3, 26, 4.16091
w19a, 2013, 1794, 3, 27, 5.85
w19a, 2013, 1794, 3, 28, 7.92967
w19a, 2013, 1794, 3, 29, 10.4044
w19a, 2013, 1794, 3, 30, 13.2573
w19a, 2013, 1794, 3, 31, 16.4491
w19a, 2013, 1794, 3, 32, 19.9201
w19a, 2013, 1794, 3, 33, 23.5936
w19a, 2013, 1794, 3, 34, 27.3811
w19a, 2013, 1794, 3, 35, 31.188
w19a, 2013, 1794, 3, 36, 34.9201
w19a, 2013, 1794, 3, 37, 38.488
w19a, 2013, 1794, 3, 38, 41.8121
w19a, 2013, 1794, 3, 39, 44.825
w19a, 2013, 1794, 3, 40, 47.4739
w19a, 2013, 1794, 3, 41, 49.7208
w19a, 2013, 1794, 3, 42, 51.5424
w19a, 2013, 1794, 3, 43, 52.9291
w19a, 2013, 1794, 3, 44, 53.8833
w19a, 2013, 1794, 3, 45, 54.4181
w19a, 2013, 1794, 3, 46, 54.5546
w19a, 2013, 1794, 3, 47, 54.321
w19a, 2013, 1794, 3, 48, 53.7495
w19a, 2013, 1794, 3, 49, 52.876
w19a, 2013, 1794, 3, 50, 51.7374
w19b, 2013, 1794, 33, 1, 0
w19b, 2013, 1794, 33, 2, 0
w19b, 2013, 1794, 33, 3, 0
w19b, 2013, 1794, 33, 4, 0
w19b, 2013, 1794, 33, 5, 0
w19b, 2013, 1794, 33, 6, 7.92699e-91
w19b, 2013, 1794, 33, 7, 2.36882e-43
w19b, 2013, 1794, 33, 8, 1.60955e-27
w19b, 2013, 1794, 33, 9, 1.31341e-19
w19b, 2013, 1794, 33, 10, 7.217e-15
w19b, 2013, 1794, 33, 11, 1.02512e-11
w19b, 2013, 1794, 33, 12, 1.79941e-9
w19b, 2013, 1794, 33, 13, 8.53956e-8
w19b, 2013, 1794, 33, 14, 1.69325e-6
w19b, 2013, 1794, 33, 15, 1.8218e-5
w19b, 2013, 1794, 33, 16, 0.000125619
w19b, 2013, 1794, 33, 17, 0.000620325
w19b, 2013, 1794, 33, 18, 0.00236921
w19b, 2013, 1794, 33, 19, 0.00739426
w19b, 2013, 1794, 33, 20, 0.0196346
w19b, 2013, 1794, 33, 21, 0.0457239
w19b, 2013, 1794, 33, 22, 0.0955715
w19b, 2013, 1794, 33, 23, 0.182564
w19b, 2013, 1794, 33, 24, 0.323292
w19b, 2013, 1794, 33, 25, 0.536809
w19b, 2013, 1794, 33, 26, 0.843487
w19b, 2013, 1794, 33, 27, 1.26358
w19b, 2013, 1794, 33, 28, 1.81553
w19b, 2013, 1794, 33, 29, 2.51421
w19b, 2013, 1794, 33, 30, 3.36916
w19b, 2013, 1794, 33, 31, 4.38315
w19b, 2013, 1794, 33, 32, 5.55117
w19b, 2013, 1794, 33, 33, 6.86018
w19b, 2013, 1794, 33, 34, 8.28957
w19b, 2013, 1794, 33, 35, 9.81222
w19b, 2013, 1794, 33, 36, 11.3962
w19b, 2013, 1794, 33, 37, 13.0065
w19b, 2013, 1794, 33, 38, 14.6072
w19b, 2013, 1794, 33, 39, 16.1634
w19b, 2013, 1794, 33, 40, 17.6424
w19b, 2013, 1794, 33, 41, 19.0155
w19b, 2013, 1794, 33, 42, 20.2585
w19b, 2013, 1794, 33, 43, 21.3524
w19b, 2013, 1794, 33, 44, 22.2833
w19b, 2013, 1794, 33, 45, 23.0429
w19b, 2013, 1794, 33, 46, 23.6274
w19b, 2013, 1794, 33, 47, 24.0376
w19b, 2013, 1794, 33, 48, 24.2779
w19b, 2013, 1794, 33, 49, 24.356
w19b, 2013, 1794, 33, 50, 24.2821
w20a, 2113, 1479, 3, 1, 0
w20a, 2113, 1479, 3, 2, 0
w20a, 2113, 1479, 3, 3, 0
w20a, 2113, 1479, 3, 4, 0
w20a, 2113, 1479, 3, 5, 0
w20a, 2113, 1479, 3, 6, 5.78784e-60
w20a, 2113, 1479, 3, 7, 1.10909e-27
w20a, 2113, 1479, 3, 8, 6.49962e-17
w20a, 2113, 1479, 3, 9, 1.55827e-11
w20a, 2113, 1479, 3, 10, 2.59224e-8
w20a, 2113, 1479, 3, 11, 3.57893e-6
w20a, 2113, 1479, 3, 12, 0.000118935
w20a, 2113, 1479, 3, 13, 0.00162116
w20a, 2113, 1479, 3, 14, 0.0121911
w20a, 2113, 1479, 3, 15, 0.0604357
w20a, 2113, 1479, 3, 16, 0.221228
w20a, 2113, 1479, 3, 17, 0.645007
w20a, 2113, 1479, 3, 18, 1.57853
w20a, 2113, 1479, 3, 19, 3.36667
w20a, 2113, 1479, 3, 20, 6.43234
w20a, 2113, 1479, 3, 21, 11.2394
w20a, 2113, 1479, 3, 22, 18.2471
w20a, 2113, 1479, 3, 23, 27.865
w20a, 2113, 1479, 3, 24, 40.412
w20a, 2113, 1479, 3, 25, 56.0774
w20a, 2113, 1479, 3, 26, 74.8848
w20a, 2113, 1479, 3, 27, 96.6635
w20a, 2113, 1479, 3, 28, 121.037
w20a, 2113, 1479, 3, 29, 147.437
w20a, 2113, 1479, 3, 30, 175.143
w20a, 2113, 1479, 3, 31, 203.34
w20a, 2113, 1479, 3, 32, 231.184
w20a, 2113, 1479, 3, 33, 257.862
w20a, 2113, 1479, 3, 34, 282.648
w20a, 2113, 1479, 3, 35, 304.933
w20a, 2113, 1479, 3, 36, 324.254
w20a, 2113, 1479, 3, 37, 340.292
w20a, 2113, 1479, 3, 38, 352.874
w20a, 2113, 1479, 3, 39, 361.957
w20a, 2113, 1479, 3, 40, 367.608
w20a, 2113, 1479, 3, 41, 369.987
w20a, 2113, 1479, 3, 42, 369.322
w20a, 2113, 1479, 3, 43, 365.89
w20a, 2113, 1479, 3, 44, 360
w20a, 2113, 1479, 3, 45, 351.976
w20a, 2113, 1479, 3, 46, 342.143
w20a, 2113, 1479, 3, 47, 330.822
w20a, 2113, 1479, 3, 48, 318.314
w20a, 2113, 1479, 3, 49, 304.903
w20a, 2113, 1479, 3, 50, 290.845
w20b, 2113, 1479, 33, 1, 0
w20b, 2113, 1479, 33, 2, 0
w20b, 2113, 1479, 33, 3, 0
w20b, 2113, 1479, 33, 4, 0
w20b, 2113, 1479, 33, 5, 0
w20b, 2113, 1479, 33, 6, 4.50619e-73
w20b, 2113, 1479, 33, 7, 2.82335e-34
w20b, 2113, 1479, 33, 8, 2.45555e-21
w20b, 2113, 1479, 33, 9, 7.17035e-15
w20b, 2113, 1479, 33, 10, 5.34355e-11
w20b, 2113, 1479, 33, 11, 2.00418e-8
w20b, 2113, 1479, 33, 12, 1.35944e-6
w20b, 2113, 1479, 33, 13, 3.16314e-5
w20b, 2113, 1479, 33, 14, 0.000360414
w20b, 2113, 1479, 33, 15, 0.00249034
w20b, 2113, 1479, 33, 16, 0.011957
w20b, 2113, 1479, 33, 17, 0.0436875
w20b, 2113, 1479, 33, 18, 0.129362
w20b, 2113, 1479, 33, 19, 0.324728
w20b, 2113, 1479, 33, 20, 0.714245
w20b, 2113, 1479, 33, 21, 1.41111
w20b, 2113, 1479, 33, 22, 2.55217
w20b, 2113, 1479, 33, 23, 4.28852
w20b, 2113, 1479, 33, 24, 6.77353
w20b, 2113, 1479, 33, 25, 10.1496
w20b, 2113, 1479, 33, 26, 14.5344
w20b, 2113, 1479, 33, 27, 20.0071
w20b, 2113, 1479, 33, 28, 26.5957
w20b, 2113, 1479, 33, 29, 34.2673
w20b, 2113, 1479, 33, 30, 42.9242
w20b, 2113, 1479, 33, 31, 52.4065
w20b, 2113, 1479, 33, 32, 62.5015
w20b, 2113, 1479, 33, 33, 72.9587
w20b, 2113, 1479, 33, 34, 83.507
w20b, 2113, 1479, 33, 35, 93.8728
w20b, 2113, 1479, 33, 36, 103.796
w20b, 2113, 1479, 33, 37, 113.045
w20b, 2113, 1479, 33, 38, 121.423
w20b, 2113, 1479, 33, 39, 128.776
w20b, 2113, 1479, 33, 40, 134.995
w20b, 2113, 1479, 33, 41, 140.012
w20b, 2113, 1479, 33, 42, 143.802
w20b, 2113, 1479, 33, 43, 146.375
w20b, 2113, 1479, 33, 44, 147.769
w20b, 2113, 1479, 33, 45, 148.049
w20b, 2113, 1479, 33, 46, 147.296
w20b, 2113, 1479, 33, 47, 145.607
w20b, 2113, 1479, 33, 48, 143.084
w20b, 2113, 1479, 33, 49, 139.834
w20b, 2113, 1479, 33, 50, 135.965
